ticker,CUR_MKT_CAP
AAL UW Equity,12054995579
AAME UQ Equity,60728156.48
AAOI UQ Equity,71304106.37
AAON UW Equity,2602239701
AAPL UW Equity,2.55661E+12
AATC UR Equity,34693627.65
AAWW UW Equity,1959358662
ABCB UW Equity,2985186221
ABCL UW Equity,2296124255
ABCM UW Equity,3576057108
ABEO UR Equity,31697490.22
ABMD UW Equity,13012661950
ABNB UW Equity,98641312331
ABST UW Equity,407796272.7
ABTX UQ Equity,848745949.1
ACAD UW Equity,3154312206
ACB UW Equity,704395399.3
ACBI UW Equity,
ACER UR Equity,30194614.84
ACET UQ Equity,611422391.4
ACGL UW Equity,17238533279
ACHC UW Equity,6056981821
ACHV UR Equity,65093778.99
ACIW UW Equity,3177527143
ACLS UW Equity,1858554457
ACNB UR Equity,296909654.8
ACOR UW Equity,17404183.16
ACRS UW Equity,799555325.8
ACRX UQ Equity,35894597.71
ACTG UW Equity,223543225.2
ADAP UW Equity,293338142.8
ADBE UW Equity,1.92445E+11
ADES UQ Equity,112480770
ADI UW Equity,82762287809
ADMA UQ Equity,370613458.5
ADMP UR Equity,63397064.4
ADP UW Equity,91620305377
ADPT UW Equity,1231648400
ADSK UW Equity,41918708185
ADTN UW Equity,872872614.9
ADUS UW Equity,1354980408
ADVM UQ Equity,109630591.9
AEHL UR Equity,6695080.44
AEHR UR Equity,219421040.1
AEIS UW Equity,2922817022
AEP UW Equity,50394089991
AERI UQ Equity,364771912.5
AEY UR Equity,14853204.78
AFIN UW Equity,
AFMD UQ Equity,589714349.4
AFRM UW Equity,8636113761
AFYA UW Equity,1370091748
AGEN UR Equity,524330803.4
AGFS UW Equity,96972171.5
AGIO UW Equity,1291922899
AGLE UQ Equity,75118206.96
AGNC UW Equity,5860960000
AGRX UR Equity,7572199.5
AGTC UQ Equity,46725436.32
AGYS UW Equity,931483173.1
AIMC UW Equity,2539907147
AIRG UR Equity,86812290.72
AIRT UQ Equity,50289138.44
AKAM UW Equity,18070518060
AKBA UQ Equity,79010988.79
AKTS UR Equity,251272963
ALBO UR Equity,629817962.4
ALCO UW Equity,298194721.8
ALDX UR Equity,177819547.5
ALEC UW Equity,839935373.8
ALGM UW Equity,4770634756
ALGN UW Equity,24341360060
ALGT UW Equity,2821396384
ALIM UQ Equity,38459597
ALJJ UQ Equity,100933015.4
ALKS UW Equity,4719770114
ALLK UW Equity,214115478.7
ALLO UW Equity,1307921807
ALNY UW Equity,16799125379
ALOT UQ Equity,97322257.9
ALRM UW Equity,3119935675
ALRS UR Equity,434634775.5
ALT UQ Equity,204011059
ALTM UQ Equity,4749871182
ALTO UR Equity,423011889.1
ALTR UW Equity,4428616672
ALVR UW Equity,297396585.8
AMAL UQ Equity,571552797.2
AMAT UW Equity,99797092368
AMBA UW Equity,3232306792
AMCX UW Equity,1430914759
AMD UW Equity,1.45555E+11
AMED UW Equity,4132839402
AMEH UR Equity,2159551171
AMGN UW Equity,1.23357E+11
AMKR UW Equity,4775540877
AMNB UW Equity,372952878
AMOT UQ Equity,372410479.7
AMPH UW Equity,1723542151
AMRN UQ Equity,1083094224
AMRS UW Equity,1154131213
AMSC UW Equity,159363394.4
AMSF UW Equity,909412263.5
AMSWA UW Equity,570480050
AMTB UW Equity,907868329.2
AMTX UQ Equity,311096953
AMWD UW Equity,795886830.6
AMZN UW Equity,1.26671E+12
ANAB UW Equity,677874863.3
ANAT UW Equity,5088133728
ANDE UW Equity,1747650568
ANGI UW Equity,2325500201
ANGO UW Equity,819035733.1
ANIK UW Equity,313761727.2
ANIP UQ Equity,520925993.1
ANSS UW Equity,24361203576
ANTE UR Equity,20820605.13
AOSL UW Equity,1197828236
APA UW Equity,14088713308
APDN UR Equity,11528624.8
APEI UW Equity,367321737
APEN UQ Equity,202485109.3
APLS UW Equity,4787059665
APLT UQ Equity,53785708.55
APOG UW Equity,997135990.6
APPF UQ Equity,3644824406
APPN UQ Equity,3681641945
APPS UR Equity,3180325982
APTO UR Equity,110670526.8
APVO UR Equity,22432439.68
APWC UR Equity,29481204.61
APYX UW Equity,130483965.7
AQB UR Equity,96709193.36
AQMS UR Equity,71974411.2
ARAV UW Equity,43525792.28
ARAY UW Equity,247781908.7
ARCB UW Equity,1858943598
ARDX UQ Equity,114272107.8
ARGX UW Equity,15729137464
ARKR UQ Equity,63040296.5
ARLP UW Equity,2255171233
ARNA UW Equity,
AROW UW Equity,498164430
ARRY UQ Equity,1082750985
ARTL UR Equity,16302810.41
ARTNA UW Equity,433062000.2
ARTW UR Equity,13163675.48
ARVN UW Equity,2980483830
ARWR UW Equity,4540040774
ASMB UW Equity,86135582.23
ASML UW Equity,2.32134E+11
ASND UW Equity,5184175946
ASO UW Equity,3297059690
ASPS UW Equity,168919440.1
ASRT UR Equity,99731066.6
ASRV UQ Equity,67580881.8
ASTC UR Equity,26549216.92
ASTE UW Equity,909564341.6
ASUR UR Equity,122432654.7
ASYS UW Equity,129638974.1
ATEC UW Equity,1119662379
ATEX UR Equity,961560505.5
ATHE UR Equity,28710002.04
ATHX UR Equity,143599294.8
ATLC UW Equity,679304230.9
ATLO UR Equity,210029057.7
ATNI UW Equity,619478393
ATNX UW Equity,56183110.46
ATRA UW Equity,648235738.4
ATRC UQ Equity,2533204755
ATRI UW Equity,1146891946
ATRO UW Equity,307287431.6
ATRS UR Equity,953610062.6
ATSG UW Equity,2353516575
ATVI UW Equity,61031118343
AUB UW Equity,2596830403
AUBN UQ Equity,107408294.3
AUTL UW Equity,294541728.8
AUTO UR Equity,36954521.87
AVAV UW Equity,2135905768
AVCO UR Equity,48655514.24
AVDL UQ Equity,296341829.7
AVEO UR Equity,178923744.9
AVGO UW Equity,2.35313E+11
AVGR UR Equity,14331952.8
AVID UW Equity,1434791057
AVNW UW Equity,348808357.4
AVRO UW Equity,40589650.98
AVT UW Equity,4306787432
AVTX UR Equity,47384844.68
AVXL UW Equity,696097402
AWH UR Equity,78546344.8
AWRE UQ Equity,58650524.6
AXDX UR Equity,68302870.33
AXGN UR Equity,314826645
AXNX UW Equity,2710908780
AXON UW Equity,8253921484
AXSM UQ Equity,1324617242
AXTI UW Equity,254274963.8
AY UW Equity,3384788284
AZN UW Equity,2.05862E+11
AZPN UW Equity,10550248611
AZTA UW Equity,5629186362
BAND UW Equity,587481844
BANF UW Equity,2711969395
BANR UW Equity,1852108161
BATRA UW Equity,1327064332
BATRK UW Equity,1327064332
BBBY UW Equity,1095484225
BBCP UR Equity,308668407
BBGI UQ Equity,48470170.65
BBI UR Equity,26919577.99
BBIO UW Equity,1243574791
BBQ UW Equity,147817463.8
BBSI UW Equity,530843733
BCAB UQ Equity,137570702.2
BCBP UQ Equity,320148400
BCEL UW Equity,80656101.24
BCML UW Equity,303016787.6
BCOR UW Equity,1000548567
BCOV UW Equity,293357741.3
BCPC UW Equity,3922850870
BCRX UW Equity,1781544960
BDSI UW Equity,577048969.6
BEAT UR Equity,12584856.42
BECN UW Equity,4265046402
BELFA UW Equity,218459606.7
BELFB UW Equity,218459606.7
BFIN UW Equity,133761622.8
BFRA UR Equity,
BFST UW Equity,501385567.5
BGCP UW Equity,1794231372
BGFV UW Equity,338656041.2
BGNE UW Equity,18705400570
BHF UW Equity,3970061679
BIDU UW Equity,44182088592
BIGC UQ Equity,1364550995
BIIB UW Equity,30507330393
BIMI UR Equity,10048486.08
BIOL UR Equity,29202206.44
BJRI UW Equity,683246587.7
BKNG UW Equity,89371741901
BKR UW Equity,31687910517
BKSC UR Equity,99964072.76
BL UW Equity,3979717097
BLBD UQ Equity,516400675.1
BLCM UR Equity,12742298.28
BLDE UR Equity,604313275.1
BLDP UQ Equity,2533889721
BLFS UR Equity,558756122.7
BLI UW Equity,366229036.8
BLIN UR Equity,14898242.96
BLKB UW Equity,3119763825
BLMN UW Equity,2068743234
BLNK UR Equity,827494399.6
BLUE UW Equity,282215247.1
BMRC UR Equity,513243373.3
BMRN UW Equity,15411962442
BNFT UQ Equity,362651040.2
BNOX UQ Equity,60148920
BNTX UW Equity,36043812280
BOKF UW Equity,5771250071
BOMN UR Equity,
BOOM UW Equity,380201425.5
BPMC UW Equity,3557553067
BPOP UW Equity,6096820458
BPRN UW Equity,189452160
BPTH UR Equity,21265687.08
BRCN UR Equity,77132169.57
BRID UQ Equity,113914241.6
BRKL UW Equity,1129393683
BRKR UW Equity,8657442964
BRY UW Equity,885932153.8
BSET UW Equity,164605241.3
BSGM UR Equity,29586525.43
BSQR UR Equity,27578573.55
BSRR UW Equity,330685821.4
BSVN UW Equity,217994398
BSY UW Equity,13122392820
BTAI UR Equity,390325812.7
BUSE UW Equity,1251078363
BVS UW Equity,845754052
BVXV UR Equity,15895087.6
BWB UR Equity,443725791
BWEN UR Equity,36633188.88
BWFG UQ Equity,278632034.2
BXRX UR Equity,10324896.19
BYFC UR Equity,107253751.9
BYND UW Equity,2434923216
BYSI UR Equity,65789878.18
BZUN UW Equity,546255117.2
CAAS UR Equity,88853114.88
CABA UW Equity,54139599.36
CAC UW Equity,656952565.5
CACC UW Equity,6800520507
CAKE UW Equity,2078201434
CALA UW Equity,24620199.26
CALM UW Equity,2635434240
CAMP UW Equity,207336076
CAR UW Equity,13547477032
CARA UQ Equity,466243657.5
CARG UW Equity,3972181160
CASA UW Equity,486900658.1
CASH UW Equity,1272585659
CASI UR Equity,56615604.17
CASS UW Equity,507879320.5
CASY UW Equity,7489093839
CATC UR Equity,575901848.7
CATY UW Equity,3051180405
CBAN UQ Equity,299143524.3
CBAT UR Equity,101123718.2
CBAY UW Equity,189678583.4
CBFV UQ Equity,114586251.3
CBIO UR Equity,14860316.72
CBNK UW Equity,312782340
CBRL UW Equity,2713475121
CBSH UW Equity,8391796127
CBTX UW Equity,714077873.1
CCB UW Equity,532139035.7
CCBG UW Equity,444211924.6
CCCC UW Equity,455621947
CCEL UR Equity,53723413
CCEP UW Equity,22674881090
CCLP UW Equity,192050963.8
CCMP UW Equity,5171978030
CCNE UW Equity,426155209.2
CCOI UW Equity,2879428926
CCRN UW Equity,656588457.8
CCXI UW Equity,1335337255
CDEV UR Equity,2241704948
CDK UW Equity,6344968235
CDLX UQ Equity,1223367845
CDMO UR Equity,887266309.5
CDNA UQ Equity,1733360581
CDNS UW Equity,41498971910
CDTX UQ Equity,48003210.31
CDW UW Equity,22149546857
CDXC UR Equity,135985826.1
CDXS UW Equity,828708521.4
CDZI UQ Equity,104042016.1
CECE UW Equity,166611565.2
CELC UR Equity,95639135.82
CELH UR Equity,4064602019
CEMI UR Equity,17292625.96
CENT UW Equity,2308787879
CENTA UW Equity,2308787879
CENX UW Equity,1482513679
CERE UR Equity,4576211378
CERN UW Equity,27592283179
CERS UQ Equity,851828720.1
CERT UW Equity,3062224597
CETX UR Equity,9772301.088
CEVA UW Equity,857165881.6
CFFI UW Equity,181946491.4
CFFN UW Equity,1341258967
CFMS UR Equity,97028859.66
CG UW Equity,13399747863
CGC UW Equity,2386256754
CGEN UQ Equity,201450057.2
CGNT UW Equity,463129870.3
CGNX UW Equity,11654238623
CGRN UR Equity,44270593.8
CHCI UR Equity,37524285
CHCO UW Equity,1185233173
CHDN UW Equity,8112738291
CHEF UW Equity,1423764074
CHK UW Equity,10525888284
CHKP UW Equity,16467717517
CHMG UW Equity,220847728.5
CHNG UW Equity,7340395882
CHNR UR Equity,30989508.46
CHRS UQ Equity,748550315
CHRW UW Equity,13782924803
CHTR UW Equity,80170696420
CHUY UW Equity,484468343.6
CHX UW Equity,4352773824
CIDM UQ Equity,126624247.5
CIGI UW Equity,4644917626
CINF UW Equity,19362896075
CIVB UR Equity,299195520.5
CIZN UQ Equity,101443151.6
CJJD UR Equity,7202184.12
CKPT UR Equity,119067789
CLAR UW Equity,853176578.3
CLBK UW Equity,2175170802
CLBS UR Equity,31598259.41
CLDX UR Equity,1452190049
CLFD UQ Equity,780744526
CLNE UW Equity,1293963692
CLRB UR Equity,32444764.28
CLRO UR Equity,16359391.98
CLSD UQ Equity,99243569.7
CLSN UR Equity,21793285.3
CLVS UW Equity,292074654.2
CLXT UQ Equity,21478171.46
CMBM UQ Equity,436447582.2
CMCO UW Equity,1023140420
CMCSA UW Equity,1.81217E+11
CMCT UQ Equity,164052703.6
CME UW Equity,77915630578
CMLS UQ Equity,282363059.7
CMPR UW Equity,1365856136
CMRX UQ Equity,410950046
CMTL UW Equity,351073269.9
CNCE UQ Equity,116253894.4
CNDT UW Equity,1185824299
CNET UR Equity,17005284.96
CNOB UW Equity,1090409053
CNSL UW Equity,669179662.9
CNTY UR Equity,321395426.7
CNXC UW Equity,8153702180
CNXN UW Equity,1308099040
CODA UR Equity,61668867.6
COFS UR Equity,182077329.7
COHR UW Equity,6663661564
COHU UW Equity,1327228846
COKE UW Equity,4206817886
COLB UW Equity,2279889560
COLL UW Equity,542091905
COLM UW Equity,5212053888
COMM UW Equity,1302927299
CONE UW Equity,11707338884
CONN UW Equity,375355798.7
COOP UR Equity,3269605643
CORT UR Equity,2342806238
COST UW Equity,2.34443E+11
COUP UW Equity,6715862250
COWN UW Equity,678832538.7
CPHC UQ Equity,145337114.9
CPIX UW Equity,35468388.7
CPRT UW Equity,27302689953
CPRX UR Equity,802437770.5
CPSH UR Equity,52113346.24
CPSI UW Equity,477700312.9
CPSS UQ Equity,255208824
CRAI UW Equity,607118540
CRBP UQ Equity,42282165.43
CRDF UR Equity,62360727.84
CRDL UR Equity,86076443.61
CREG UR Equity,29618117.22
CRESY UW Equity,432226497.4
CREX UR Equity,11722052.92
CRIS UQ Equity,90802231.61
CRMD UQ Equity,136709765.9
CRMT UW Equity,544731093.2
CRNC UW Equity,1193013631
CRON UQ Equity,1174688937
CROX UW Equity,4369350788
CRSP UQ Equity,4023442455
CRTO UW Equity,1526559300
CRTX UW Equity,116985239.8
CRUS UW Equity,4491527411
CRVL UW Equity,2741575151
CRVS UQ Equity,63312774.96
CRWD UW Equity,46995874689
CRWS UR Equity,62598166.2
CSCO UW Equity,2.07127E+11
CSCW UR Equity,27142191.99
CSGP UW Equity,25524833311
CSGS UW Equity,1965078553
CSII UW Equity,809956081.5
CSIQ UW Equity,1784052687
CSTE UW Equity,326804703.6
CSTL UQ Equity,625936896.8
CSTR UW Equity,452091518.8
CSWC UW Equity,539285345.6
CSWI UW Equity,1669957163
CSX UW Equity,74555373754
CTAS UW Equity,40056109660
CTBI UW Equity,717506080
CTG UW Equity,142978567.4
CTHR UR Equity,41976373.93
CTIC UR Equity,539452038.5
CTLP UW Equity,388834031
CTMX UW Equity,119025006.1
CTRE UW Equity,1579931981
CTRN UW Equity,269604034
CTSH UW Equity,42042880381
CTSO UR Equity,103242222
CTXS UW Equity,12591315200
CUE UR Equity,145025995.4
CUTR UW Equity,1091274563
CVBF UW Equity,3294222132
CVCO UW Equity,2231150650
CVCY UR Equity,227178202.6
CVET UW Equity,1996291540
CVGI UW Equity,237211106.4
CVGW UW Equity,631890000
CVLG UW Equity,345951897
CVLT UW Equity,2705658548
CVLY UQ Equity,226099440
CVT UQ Equity,3228369316
CVV UR Equity,29338169.68
CWCO UW Equity,162289315.5
CWST UW Equity,4006131742
CXDO UR Equity,60140801.7
CYAN UR Equity,17715314.76
CYBE UQ Equity,329715500.8
CYBR UW Equity,6357550467
CYCC UR Equity,18887025.15
CYCN UW Equity,31595647.39
CYN UR Equity,155318179.1
CYRX UR Equity,1164875107
CYT UW Equity,83211215.8
CYTH UR Equity,21542901.76
CYTK UW Equity,3414172364
CZNC UR Equity,367503743.7
CZR UW Equity,14653920054
CZWI UQ Equity,133059649.4
DAIO UR Equity,27936475.56
DAKT UW Equity,150948305.2
DALN UR Equity,35326599
DBX UW Equity,8360968776
DCOM UW Equity,1242987134
DCPH UW Equity,720615133.5
DCT UW Equity,2193264537
DCTH UR Equity,46333426.08
DDOG UW Equity,37854960663
DENN UR Equity,818924238
DFFN UR Equity,14187904.32
DGICA UW Equity,427191680.3
DGICB UW Equity,425297807.5
DGII UW Equity,664187999
DHC UW Equity,520998186.9
DHIL UW Equity,535795807.2
DIOD UW Equity,3434901677
DISCA UW Equity,4190787404
DISCB UW Equity,158825655.6
DISCK UW Equity,8062354648
DISH UW Equity,14669358342
DJCO UR Equity,367223206.2
DKNG UW Equity,6126070763
DLHC UR Equity,195859401.9
DLTH UW Equity,418775428.4
DLTR UW Equity,36853369930
DMRC UW Equity,538694497.6
DNLI UW Equity,3090775574
DOCU UW Equity,17157703672
DOMO UQ Equity,1463319710
DOOO UW Equity,6683834691
DORM UW Equity,3101422865
DOX UW Equity,9763469100
DRIO UR Equity,111038182
DRRX UR Equity,96952111.59
DRVN UW Equity,4757193944
DSGX UW Equity,5269265282
DSKE UR Equity,544325357.1
DTIL UW Equity,129401132.4
DVAX UR Equity,1174698522
DWSN UW Equity,41698587.04
DXCM UW Equity,39950992362
DXLG UQ Equity,329221898.2
DXPE UW Equity,440850407.1
DXYN UQ Equity,44233341.6
DYN UW Equity,440088016
DZSI UR Equity,330151673.8
EA UW Equity,33746672160
EAST UR Equity,14726363.81
EBAY UW Equity,30151248774
EBC UW Equity,3448647767
EBIX UW Equity,938270062
EBMT UQ Equity,161828140
EBTC UW Equity,417559986
ECOL UW Equity,1512276429
ECOR UW Equity,29135894.69
ECPG UW Equity,1412120499
EDIT UW Equity,979490745.1
EEFT UW Equity,6172433906
EFSC UW Equity,1650929526
EGAN UR Equity,327848938.1
EGBN UR Equity,1622900590
EGLE UW Equity,852812655.8
EGRX UQ Equity,566229057.9
EHTH UW Equity,226761411.5
EIGR UQ Equity,243175590
ELDN UR Equity,40857660.36
EMCF UR Equity,96607687.84
EMKR UQ Equity,134199331.2
EML UQ Equity,143699863.8
ENDP UW Equity,510196455.6
ENG UR Equity,44742957.25
ENPH UQ Equity,22729303471
ENSG UW Equity,4388236791
ENTA UW Equity,1317210254
ENTG UW Equity,15735261127
EPAY UW Equity,2553375684
EPZM UW Equity,113046289.2
EQ UQ Equity,86375262.96
EQBK UW Equity,519271582.8
EQIX UW Equity,63932803507
ERIC UW Equity,27001096299
ERIE UW Equity,8634625903
ERII UW Equity,1060839674
ESCA UQ Equity,178779863.4
ESGR UW Equity,4362493168
ESLT UW Equity,9264320219
ESPR UQ Equity,361027926.9
ESQ UR Equity,291151336
ESSA UW Equity,178319647
ETSY UW Equity,12345422686
EVBG UQ Equity,1843408623
EVER UQ Equity,463676741.1
EVFM UR Equity,29902264.91
EVGN UQ Equity,44463781.44
EVLO UW Equity,131454585.9
EVO UW Equity,4250402725
EVOL UR Equity,13319838.72
EVOP UQ Equity,1125463813
EWBC UW Equity,10431670612
EXAS UR Equity,10108046570
EXC UW Equity,45723389557
EXEL UW Equity,7255331824
EXLS UW Equity,4508947297
EXPD UW Equity,16741480381
EXPE UW Equity,27462271837
EXPI UQ Equity,2140861638
EXPO UW Equity,4857757440
EXTR UW Equity,1299198511
EYE UW Equity,3103935729
EYES UR Equity,65025140.4
EYPT UQ Equity,408906007.3
EZPW UW Equity,387780433.6
FANG UW Equity,22637700098
FARM UW Equity,115112377.9
FARO UW Equity,655766838.1
FAST UW Equity,31655449980
FATE UQ Equity,2875327888
FB UW Equity,5.71386E+11
FBIO UR Equity,109243842.1
FBIZ UW Equity,294261436.3
FBMS UQ Equity,668010306.3
FBNC UW Equity,1341485422
FBRX UR Equity,16975450.15
FCAP UR Equity,122110937.1
FCBC UW Equity,459322655.7
FCCO UR Equity,147507228
FCEL UQ Equity,1569423634
FCFS UW Equity,3614885429
FCNCA UW Equity,10357779856
FDBC UQ Equity,210908421.1
FEIM UQ Equity,71762629.96
FELE UW Equity,3297019611
FFBC UW Equity,1965535632
FFHL UR Equity,20182872.66
FFIC UW Equity,654408850
FFIN UW Equity,5812646728
FFIV UW Equity,10414491600
FFNW UW Equity,151159251.4
FFWM UQ Equity,1244384526
FGBI UQ Equity,262454334
FGEN UW Equity,897473109.3
FGF UQ Equity,20889603.2
FHB UW Equity,3061967513
FIBK UW Equity,4427937841
FISI UW Equity,427303220.6
FISV UW Equity,62784255533
FITB UW Equity,25886054700
FIVE UW Equity,9022682359
FIVN UQ Equity,8073530320
FIXX UW Equity,97555482.6
FIZZ UW Equity,4091825953
FLDM UW Equity,
FLEX UW Equity,7694551219
FLGT UQ Equity,1705594867
FLIC UR Equity,403663042.9
FLL UR Equity,305125522.6
FLMN UR Equity,591313123.1
FLNT UQ Equity,107787641.8
FLUX UR Equity,41099645.6
FLWS UW Equity,690762479.8
FLXS UW Equity,124274448.8
FMAO UR Equity,512051954.8
FMBH UQ Equity,738804165.5
FMBI UW Equity,
FMNB UR Equity,527464080
FNCB UR Equity,163177632.6
FNHC UQ Equity,7467286.04
FNKO UW Equity,842832404.2
FNLC UW Equity,305587663.9
FNWB UQ Equity,191069180.2
FNWD UR Equity,168416013.9
FOCS UW Equity,3107044875
FOLD UQ Equity,1963870834
FONR UR Equity,121048364
FORA UR Equity,111257094.7
FORM UW Equity,3091473685
FORR UW Equity,1053435416
FOSL UW Equity,534585968.4
FOX UW Equity,19915717529
FOXA UW Equity,19915717529
FOXF UW Equity,3587571816
FRAF UR Equity,142591840
FRBA UQ Equity,278813364.8
FRBK UQ Equity,247927341.7
FREQ UW Equity,43720511.25
FRG UQ Equity,1547189076
FRGI UW Equity,172617896
FRHC UR Equity,2833852291
FRME UW Equity,2333911809
FROG UW Equity,2147433249
FRPH UW Equity,519136949.8
FRPT UQ Equity,4048933151
FRST UQ Equity,329946672.4
FRTA UW Equity,
FSBW UR Equity,236933987.1
FSFG UR Equity,177596590
FSLR UW Equity,7848859752
FSTR UW Equity,154306085.4
FSV UW Equity,5624829260
FTDR UW Equity,2620004388
FTEK UR Equity,40596203.16
FTFT UR Equity,43399590.85
FTNT UW Equity,46801733231
FULC UQ Equity,400015037.8
FULT UW Equity,2463450600
FUNC UW Equity,146898475.3
FUSB UR Equity,69876516.6
FVCB UR Equity,290628462.8
FVE UR Equity,
FWONA UW Equity,14317038404
FWONK UW Equity,14317038404
FWRD UW Equity,2666242335
FXNC UR Equity,130370494.2
GABC UW Equity,1050280028
GAIA UQ Equity,103875800
GALT UR Equity,93191892.01
GAME UR Equity,20513136.73
GASS UW Equity,98943648.79
GBNY UR Equity,28196253.67
GBT UW Equity,2089000083
GCBC UR Equity,439717833.1
GDEN UQ Equity,1417725473
GDRX UW Equity,5445532884
GDS UQ Equity,6025321401
GDYN UR Equity,970168705.4
GEG UW Equity,38710984.59
GENC UQ Equity,149361983.4
GEOS UW Equity,73995923.7
GERN UW Equity,561826738.3
GEVO UR Equity,771361105.6
GGAL UR Equity,1296254348
GH UW Equity,6340436855
GIFI UW Equity,58368624.8
GIII UW Equity,1338276787
GILD UW Equity,75689050000
GLBZ UR Equity,37245591.28
GLDD UW Equity,908112290.8
GLNG UW Equity,2429734703
GLPG UW Equity,3936923813
GLPI UW Equity,10785507025
GLRE UW Equity,247909589.3
GLYC UQ Equity,39682037.09
GMAB UW Equity,22882054482
GMBL UR Equity,23854681.66
GNCA UR Equity,16057809.71
GNLN UQ Equity,37583285.47
GNSS UR Equity,111135918.6
GNTX UW Equity,6919487661
GNTY UW Equity,413276940
GNUS UR Equity,222045393.6
GO UW Equity,3209043929
GOCO UW Equity,259531385.5
GOGL UW Equity,2522616887
GOGO UW Equity,2066198116
GOOD UW Equity,797849859.9
GOOG UW Equity,1.53925E+12
GOOGL UW Equity,1.53925E+12
GOSS UW Equity,550575817.3
GPRE UW Equity,1680210673
GPRO UW Equity,1390048629
GRFS UW Equity,10158732058
GROW UR Equity,77629028.62
GRPN UW Equity,608754682.3
GRTS UW Equity,199507162.4
GRTX UQ Equity,49888155.54
GRUB UW Equity,
GSBC UW Equity,727885842.9
GSHD UW Equity,2197190300
GSIT UW Equity,88137187.2
GSKY UW Equity,1877622701
GSM UR Equity,1208797203
GT UW Equity,3736083261
GTEC UR Equity,42032556.3
GTHX UW Equity,230182817.5
GTIM UR Equity,41710790.12
GTX UW Equity,436061263
GURE UW Equity,37384768.68
GVP UR Equity,31253503.94
GWGH UR Equity,
GWRS UQ Equity,317565995.5
HA UW Equity,869480565.8
HAFC UW Equity,703516695.2
HAIN UW Equity,3065863436
HALL UQ Equity,59242242.42
HALO UW Equity,5628016838
HARP UW Equity,75428038.44
HAS UW Equity,12503800636
HAYN UW Equity,457243575.1
HBAN UW Equity,19083455978
HBCP UW Equity,307421667.3
HBIO UQ Equity,228065213
HBMD UR Equity,
HBNC UW Equity,771674217.2
HBP UR Equity,292398236.6
HBT UW Equity,491296313.3
HCAT UW Equity,907222728.4
HCCI UW Equity,649090854.5
HCKT UW Equity,750377212.5
HCM UW Equity,2114642459
HCSG UW Equity,1246766240
HCTI UR Equity,25740408.82
HDSN UR Equity,301344113.8
HEAR UQ Equity,279812978.5
HEES UW Equity,1248658460
HELE UW Equity,4913319793
HEXO UR Equity,182796457.1
HFBL UR Equity,68764964.58
HFFG UR Equity,307200562.2
HFWA UW Equity,865624493.5
HGEN UR Equity,143573113.1
HGSH UR Equity,
HHS UQ Equity,54546977.31
HIBB UW Equity,586730887.3
HIFS UQ Equity,676050400
HIVE UR Equity,620926983.7
HLIT UW Equity,899734382.2
HLNE UW Equity,3865810816
HMHC UW Equity,2685339985
HMST UW Equity,767282992.1
HMTV UQ Equity,157304625.2
HNNA UQ Equity,73659314.55
HNRG UR Equity,131760086.8
HOFT UW Equity,206366279
HOLI UW Equity,952359767.1
HOLX UW Equity,18182364773
HON UW Equity,1.34016E+11
HONE UW Equity,690932538
HOOK UW Equity,82585623.66
HOPE UW Equity,1739938383
HQY UW Equity,5357887155
HROW UQ Equity,185163220
HRTX UR Equity,489913401.9
HRZN UW Equity,301912707.2
HSIC UW Equity,11035551760
HSII UW Equity,636885069.2
HSKA UR Equity,1197064684
HSON UW Equity,92557707
HST UW Equity,14375841432
HSTM UW Equity,588685292
HSTO UR Equity,9360669.729
HTBI UW Equity,432052204.5
HTBK UW Equity,672943404.4
HTBX UR Equity,
HTHT UW Equity,9715709964
HTLD UW Equity,1088472280
HTLF UW Equity,1866407750
HTZ UW Equity,8533759710
HUBG UW Equity,2516708449
HURC UW Equity,186459197.4
HURN UW Equity,1101119435
HWBK UW Equity,171571382.8
HWC UW Equity,4126151936
HWKN UW Equity,786376858.7
HZNP UW Equity,22472141418
IAC UW Equity,7553869524
IART UW Equity,5029675547
IBCP UW Equity,423152917.7
IBKR UW Equity,25411987860
IBOC UW Equity,2563446488
IBRX UW Equity,1583856160
IBTX UW Equity,2932093151
ICAD UR Equity,91124417.42
ICCM UR Equity,76927720.25
ICFI UW Equity,1855853681
ICHR UW Equity,844691495.6
ICLR UW Equity,18581956683
ICPT UW Equity,475705962.5
ICUI UW Equity,5070581684
IDBA UR Equity,145266983.2
IDCC UW Equity,1770924947
IDEX UR Equity,359275729.8
IDN UQ Equity,41288750.8
IDRA UR Equity,22266916.91
IDXX UW Equity,36421028720
IEP UW Equity,15521723645
IESC UQ Equity,563351981.6
IGAP UR Equity,
IHRT UW Equity,2464399269
III UQ Equity,307960522.9
IIIV UW Equity,918757587.8
IIN UQ Equity,222709656
IIVI UW Equity,6567195313
ILMN UW Equity,47259797540
ILPT UW Equity,1011797699
IMBI UQ Equity,77360661.88
IMGN UW Equity,1120323043
IMKTA UW Equity,1798007632
IMMP UQ Equity,208763796.6
IMMR UW Equity,158769493
IMOS UW Equity,1131949247
IMUX UW Equity,201173835
IMV UR Equity,97843064.97
IMXI UR Equity,745673709.3
INBK UW Equity,319659828.3
INCY UW Equity,16844776124
INDB UW Equity,3667939108
INDP UR Equity,25601650.7
INDT UQ Equity,734522771.7
INFI UW Equity,69995834.67
INFN UW Equity,1693041412
INGN UW Equity,584139610.5
INO UW Equity,660899968.7
INOD UQ Equity,218788035.9
INSE UR Equity,255136581.2
INSG UW Equity,317214984.4
INSM UW Equity,2670172625
INTA UW Equity,1542834453
INTC UW Equity,1.83841E+11
INTG UR Equity,109111047.9
INTU UW Equity,1.20764E+11
INVA UW Equity,1134787545
INVE UR Equity,283923768.7
IONS UW Equity,5439067291
IOSP UW Equity,2392953524
IOVA UQ Equity,2575988781
IPAR UW Equity,2619341429
IPGP UW Equity,5209585504
IQ UW Equity,3178104936
IRBT UW Equity,1434699571
IRDM UW Equity,4628173219
IRIX UQ Equity,58934488.97
IRMD UR Equity,428318369.6
IROQ UR Equity,75973668.32
IRTC UW Equity,3810692311
IRWD UW Equity,1876527514
ISBC UW Equity,3454167157
ISEE UW Equity,1653833258
ISRG UW Equity,86386473937
ISSC UW Equity,127983800.9
ISTR UQ Equity,205482525.2
ITCI UW Equity,4860620277
ITI UR Equity,111964467.1
ITIC UW Equity,352073610.3
ITOS UQ Equity,994675780
ITRI UW Equity,2215682560
IVAC UW Equity,132896804.3
IZEA UR Equity,73368275.9
JACK UW Equity,1736930407
JAKK UW Equity,127279709.9
JAMF UW Equity,3735837000
JAN UR Equity,6842332.2
JAZZ UW Equity,9711519689
JBHT UW Equity,17826801203
JBLU UW Equity,3624916016
JBSS UW Equity,887728360.9
JCS UQ Equity,
JD UW Equity,98967945063
JJSF UW Equity,2806254599
JKHY UW Equity,13862973282
JNCE UW Equity,266639573.8
JOBS UW Equity,4108949144
JOUT UW Equity,787881980.7
JRVR UW Equity,887150558.7
JVA UR Equity,17354140.96
JYNT UR Equity,448590146.4
KALA UW Equity,55171443.8
KALU UW Equity,1541128705
KALV UQ Equity,330352225.8
KBAL UW Equity,281458310.4
KDNY UW Equity,881504320
KDP UW Equity,51819515773
KE UW Equity,456476002.4
KELYA UW Equity,762579675.5
KELYB UW Equity,758752529
KEQU UQ Equity,38946627.08
KFFB UQ Equity,59171148
KFRC UW Equity,1503294452
KHC UW Equity,51381502399
KIDS UQ Equity,935966245
KINS UR Equity,44677390.8
KIRK UW Equity,90635400.45
KLAC UW Equity,48746136405
KLDO UW Equity,12360542.11
KLIC UW Equity,2941826210
KNDI UW Equity,200554187.3
KNSA UW Equity,651864585.4
KOD UQ Equity,334581383.6
KOPN UR Equity,149783723.7
KOR UR Equity,
KOSS UR Equity,59460667.5
KPTI UW Equity,501917765.8
KRNY UW Equity,845660160
KRON UW Equity,283661005
KRTX UQ Equity,3367975929
KRYS UQ Equity,1603921506
KSPN UR Equity,11440887.12
KTCC UQ Equity,56930297.59
KTOS UW Equity,1924905429
KURA UW Equity,997542491.9
KVHI UW Equity,152854458.2
KZR UW Equity,757503428.9
LAKE UQ Equity,121398514
LAMR UW Equity,11114514331
LANC UW Equity,4153104050
LAND UQ Equity,1240996445
LARK UQ Equity,125086398.8
LASR UW Equity,613747571.6
LAUR UW Equity,1967807412
LAWS UW Equity,750395252.9
LBAI UW Equity,981411061.2
LBC UW Equity,680073782.2
LBRDA UW Equity,18643159203
LBRDK UW Equity,18643159203
LBTYA UW Equity,12284226939
LBTYB UW Equity,12287604079
LBTYK UW Equity,12284226939
LCNB UR Equity,185646101.7
LCUT UW Equity,268629663.3
LE UR Equity,485822620.9
LECO UW Equity,7732766203
LEE UW Equity,142312491.1
LEGH UW Equity,438919250.3
LESL UW Equity,3619756639
LEVL UW Equity,310958907.9
LFUS UW Equity,5834923891
LFVN UR Equity,54487175.76
LGIH UW Equity,2328300244
LGND UQ Equity,1619868838
LGO UW Equity,535377459
LHCG UW Equity,5171584289
LILA UW Equity,2110508120
LILAK UW Equity,2110508120
LINC UW Equity,191320944.9
LIND UR Equity,765202033.7
LITE UW Equity,5998376000
LIVE UR Equity,63419946.72
LIVN UW Equity,4126641665
LIXT UR Equity,22972298.34
LJPC UR Equity,103328107.3
LKFN UW Equity,1851789646
LKQ UW Equity,14317563000
LLL UR Equity,8939652.27
LLNW UW Equity,487823612.7
LMAT UQ Equity,957324016.2
LMNL UQ Equity,22878366.72
LMNR UW Equity,207649760
LMST UR Equity,163571489.2
LNDC UW Equity,285096142.5
LNT UW Equity,14509574165
LNTH UQ Equity,4527102795
LOB UW Equity,1910299459
LOCO UW Equity,394261660.7
LOGC UQ Equity,15495780.78
LOGI UW Equity,11483893171
LOPE UW Equity,3161234247
LOVE UQ Equity,703459564.1
LPCN UR Equity,79392384.72
LPLA UW Equity,15251497056
LPSN UW Equity,1693075831
LQDA UR Equity,375128295.1
LQDT UW Equity,531696211.8
LRCX UW Equity,66488886742
LRMR UQ Equity,70133382
LSBK UQ Equity,82075427.7
LSCC UW Equity,6827267522
LSTR UW Equity,5654492816
LSXMA UW Equity,14030491332
LSXMB UW Equity,14022670131
LSXMK UW Equity,14030491332
LTBR UR Equity,76450226.28
LTRPA UW Equity,148736586.8
LTRPB UW Equity,151601399.6
LTRX UR Equity,191591550.5
LULU UW Equity,46194418900
LUMO UQ Equity,69042242.5
LVO UR Equity,60203102.51
LWAY UQ Equity,87979135.2
LWLG UR Equity,1253125395
LXRX UW Equity,288715553.4
LYFT UW Equity,10979698055
LYTS UW Equity,204076249.3
LZ UW Equity,2928519395
MACK UQ Equity,76304282.67
MANH UW Equity,8289963610
MANT UW Equity,3325616092
MAR UW Equity,58297055350
MASI UW Equity,6612902924
MAT UW Equity,8709339801
MATW UW Equity,947014002
MAXN UW Equity,509244511.4
MAYS UR Equity,80449779.8
MBCN UR Equity,152536483
MBII UR Equity,202324851.5
MBIN UR Equity,1016792736
MBIO UQ Equity,75793627.41
MBUU UQ Equity,1069059347
MBWM UW Equity,495896761.1
MCBC UW Equity,299379627.9
MCBS UW Equity,523565252.2
MCFE UW Equity,
MCFT UQ Equity,442846955.9
MCHP UW Equity,37729530870
MCHX UW Equity,73202785.77
MCRB UW Equity,458385227.2
MCRI UW Equity,1354290147
MDB UQ Equity,24296180560
MDGL UW Equity,1222208607
MDLZ UW Equity,88280488485
MDRX UW Equity,2356710469
MDXG UR Equity,447743346.7
MEDP UW Equity,4632537271
MEIP UR Equity,72969168.54
MELI UW Equity,50518535567
MEOH UW Equity,3732275858
MERC UW Equity,1022408326
MESA UW Equity,121198723.8
MESO UW Equity,481336367
METC UW Equity,680039239.7
MFIN UW Equity,210429697.5
MGEE UW Equity,2776261915
MGI UW Equity,972410415.9
MGNI UW Equity,1354996454
MGNX UW Equity,465454913.2
MGPI UW Equity,1996125953
MGRC UW Equity,1998757176
MGTA UQ Equity,88198735.5
MGTX UW Equity,462101610.5
MHLD UR Equity,188885615
MIDD UW Equity,8530430563
MIND UW Equity,13774104
MIRM UQ Equity,775037004.8
MITK UR Equity,479362542.4
MKSI UW Equity,6595636886
MKTX UW Equity,9867644854
MLAB UW Equity,1141587934
MLCO UW Equity,2802982006
MLKN UW Equity,2370039918
MLVF UQ Equity,120642013
MMSI UW Equity,3560623023
MNDT UW Equity,5175599863
MNKD UQ Equity,827397889.1
MNOV UQ Equity,128493304.5
MNRO UW Equity,1574986578
MNST UW Equity,44889057476
MNTV UW Equity,2336608590
MNTX UR Equity,150408875.6
MODV UW Equity,1439138583
MOFG UW Equity,453287711.3
MOMO UW Equity,1047317484
MOR UW Equity,739409968.8
MORF UQ Equity,1251073815
MORN UW Equity,10802723239
MPAA UW Equity,294931035.4
MPB UQ Equity,418016390
MPWR UW Equity,19156813750
MRCY UW Equity,3233829587
MRKR UQ Equity,28670450.74
MRLN UW Equity,
MRNA UW Equity,57261112289
MRNS UQ Equity,245412228
MRSN UW Equity,349535477.6
MRTN UW Equity,1458654375
MRTX UW Equity,3573594417
MRVL UW Equity,50927346000
MSBI UW Equity,579332771.3
MSEX UW Equity,1501838718
MSFT UW Equity,2.12756E+12
MSTR UW Equity,4133885789
MTBC UQ Equity,56940071.58
MTCH UW Equity,23039552550
MTEM UW Equity,93466381.34
MTRX UW Equity,178644377.6
MTSI UW Equity,3720273231
MU UW Equity,78836680104
MVBF UR Equity,496817371.6
MVIS UQ Equity,598060098.6
MXL UW Equity,3911857470
MYGN UW Equity,1702430558
MYRG UW Equity,1312066448
NAII UQ Equity,57603107.98
NATH UW Equity,192383449.5
NATI UW Equity,4492708062
NATR UR Equity,317992131
NAVI UW Equity,2354416617
NBEV UR Equity,59576612.33
NBIX UW Equity,8712345666
NBN UQ Equity,286837821.4
NBSE UR Equity,36700366.08
NBTB UW Equity,1529312811
NCBS UR Equity,1082756136
NCMI UW Equity,179664196.8
NCSM UR Equity,114794697
NDAQ UW Equity,25803360408
NDLS UW Equity,262174615.6
NDSN UW Equity,12604971004
NECB UR Equity,182122648.3
NEGG UR Equity,2403171420
NEO UR Equity,1210102296
NEOG UW Equity,2872275756
NEON UR Equity,67472481.44
NEPH UR Equity,40939239.47
NEPT UR Equity,33515541.47
NERV UQ Equity,21356510.84
NESR UR Equity,597502476.9
NEWT UQ Equity,600161873
NEXT UR Equity,761104669
NFBK UW Equity,635670027.6
NFLX UW Equity,88614862121
NGM UW Equity,1031506588
NH UW Equity,83219285.73
NHTC UR Equity,80300449.17
NICE UW Equity,13177796136
NICK UW Equity,77064000
NKLA UW Equity,2928408504
NKSH UR Equity,211579277.8
NKTR UW Equity,838233702
NLOK UW Equity,14797332573
NMFC UW Equity,1292331812
NMIH UQ Equity,1605907627
NMRK UW Equity,2890043929
NNBR UW Equity,122892854
NODK UR Equity,332840192.6
NOVT UW Equity,4674483742
NRC UW Equity,870468143.8
NRIM UW Equity,231298158.9
NSIT UW Equity,3486898505
NSSC UW Equity,650886716.3
NSTG UQ Equity,905494900.9
NTAP UW Equity,16467697744
NTCT UW Equity,2321224884
NTES UW Equity,61929497941
NTGR UW Equity,638328927
NTIC UQ Equity,105586369.6
NTLA UQ Equity,3903186472
NTNX UW Equity,5653109681
NTRA UW Equity,3614975947
NTRS UW Equity,21719744637
NTUS UW Equity,1145677475
NTWK UR Equity,41634394.3
NUAN UW Equity,
NUVA UW Equity,2804699353
NVAX UW Equity,4199426655
NVCN UR Equity,17192764.7
NVCR UW Equity,8510170469
NVDA UW Equity,4.89109E+11
NVEC UR Equity,228151300.8
NVEE UR Equity,1817813584
NVFY UR Equity,7238221.66
NVIV UR Equity,7031147.22
NWBI UW Equity,1591180845
NWE UW Equity,3013368502
NWFL UQ Equity,230752443.5
NWL UW Equity,9274805000
NWLI UW Equity,713787086.2
NWPX UW Equity,263170109.2
NWS UW Equity,10797620389
NWSA UW Equity,10797620389
NXGN UW Equity,1273107677
NXPI UW Equity,46473967830
NXST UW Equity,6584925470
NXTD UR Equity,
NYMT UW Equity,1223809390
NYMX UR Equity,111044146.6
OAS UW Equity,2540048939
OB UW Equity,534387426.6
OBCI UR Equity,73986236.22
OBLG UR Equity,14021301.84
OBNK UW Equity,900790011.6
OCC UQ Equity,29044992.6
OCFC UW Equity,1114107652
OCUL UQ Equity,305503263.7
OCUP UR Equity,42899199.07
OCX UQ Equity,138660234.6
ODFL UW Equity,31857673846
ODP UW Equity,2143121157
ODT UW Equity,
OEG UR Equity,95714435.04
OESX UR Equity,86747888.07
OFED UR Equity,135324748.5
OFIX UW Equity,616190541.3
OFLX UQ Equity,1131977269
OGI UW Equity,467399174.3
OKTA UW Equity,19425620352
OLED UW Equity,6269562865
OLLI UQ Equity,3161032186
OLMA UW Equity,108145506.7
OMAB UW Equity,2752236999
OMCL UW Equity,5075474598
OMER UQ Equity,211400150.6
OMEX UR Equity,87357490.38
ON UW Equity,24167204976
ONB UW Equity,4444188030
ONCT UR Equity,51900506.7
ONTX UR Equity,28835876.94
ONVO UR Equity,24636709.33
OPBK UQ Equity,192401539.7
OPCH UW Equity,5120679932
OPEN UW Equity,4687928565
OPI UW Equity,1006755750
OPK UW Equity,1908074857
OPOF UR Equity,130667467.3
OPRX UR Equity,519520228.4
OPTN UW Equity,201741757.1
ORGO UR Equity,861301095.3
ORLY UW Equity,40254004644
ORMP UR Equity,215538024.8
ORRF UR Equity,260245475.1
OSBC UW Equity,634014501.7
OSIS UW Equity,1334369671
OSMT UW Equity,
OSPN UR Equity,579392256.2
OSTK UQ Equity,1547745600
OSUR UW Equity,467152248.4
OSW UR Equity,936050462.2
OTEX UW Equity,10841674380
OTIC UW Equity,130350475.5
OTRK UQ Equity,29372161.2
OTTR UW Equity,2448913974
OVBC UQ Equity,144441599
OVLY UR Equity,142821897.3
OZK UW Equity,4891660544
PAA UW Equity,7300722369
PAAS UW Equity,5148449745
PACB UW Equity,1536656657
PACW UW Equity,3994698984
PAGP UW Equity,2171075247
PAHC UQ Equity,730685088.3
PALI UR Equity,13403430.41
PALT UR Equity,24986378.78
PANL UR Equity,219030797.2
PANW UW Equity,56328148576
PATK UW Equity,1500881558
PAYS UR Equity,96987422.84
PAYX UW Equity,46083869706
PBCT UW Equity,8339919642
PBFS UR Equity,268868977.7
PBIP UQ Equity,120698507.7
PBPB UW Equity,181689341.4
PBYI UW Equity,103887955.7
PCAR UW Equity,29210277000
PCB UW Equity,314286262.9
PCH UW Equity,3773853338
PCOM UR Equity,248349203
PCRX UW Equity,3369241311
PCSB UR Equity,281394626
PCTI UW Equity,78612753.48
PCTY UW Equity,10723370541
PCYG UR Equity,87504628.12
PCYO UR Equity,250606140.1
PDCE UW Equity,6603137012
PDCO UW Equity,2944279520
PDD UW Equity,56467463978
PDFS UW Equity,902694294
PDLB UQ Equity,255648993.2
PDSB UR Equity,163877149.4
PEBK UQ Equity,153278413
PEBO UW Equity,794128114.3
PEGA UW Equity,6093045291
PENN UW Equity,6265754326
PEP UW Equity,2.31959E+11
PESI UR Equity,72524676.4
PETQ UW Equity,592410959.5
PETS UW Equity,454604723.4
PFBC UW Equity,1008159924
PFC UW Equity,953860160
PFG UW Equity,17348807143
PFIE UR Equity,63171538.26
PFIS UW Equity,359095430.7
PFMT UW Equity,166036500.9
PFSW UR Equity,263486870.6
PFX UQ Equity,84117993.56
PGC UW Equity,569295968.9
PGEN UW Equity,290770587.8
PGNY UW Equity,3614937582
PHAR UQ Equity,513988740
PHAS UQ Equity,60376331.6
PHAT UW Equity,545445496.9
PI UW Equity,1311170268
PINC UW Equity,4283411661
PIRS UR Equity,197841441.1
PKBK UR Equity,286259689.6
PKOH UW Equity,125793810
PLAB UW Equity,941991254.4
PLAY UW Equity,2248605661
PLCE UW Equity,687443794.2
PLL UR Equity,1184919938
PLMR UW Equity,1391970602
PLPC UW Equity,297886710.3
PLSE UR Equity,82850338.4
PLUG UR Equity,12544631554
PLUS UW Equity,1502457630
PLXS UW Equity,2306725200
PLYA UW Equity,1531789339
PMD UR Equity,34997506.56
PMTS UQ Equity,124035235.3
PNBK UQ Equity,60455197.76
PNFP UW Equity,5984412000
PNRG UR Equity,153974502
PNTG UW Equity,479751087.2
PODD UW Equity,17133930683
POOL UW Equity,16513566175
POWI UW Equity,4837200155
POWL UW Equity,232571176.1
PPBI UW Equity,2992693160
PPC UW Equity,7032048895
PPIH UQ Equity,105677835.8
PPSI UR Equity,39542634.5
PPTA UR Equity,217888400
PRAA UW Equity,1682667599
PRAX UW Equity,400457041.6
PRDO UW Equity,777827866.5
PRFT UW Equity,3536236014
PRGS UW Equity,2122225947
PRIM UW Equity,1233017186
PRLD UW Equity,287214705.4
PROV UW Equity,110395733.8
PRPL UW Equity,349603136.3
PRPO UR Equity,24298317.56
PRSO UR Equity,36899932.68
PRTA UW Equity,1431687030
PRTH UR Equity,379593522.4
PRTK UQ Equity,118772304
PRTS UW Equity,355689703.9
PSMT UW Equity,2505420069
PSNL UQ Equity,264783748.4
PSTV UR Equity,14661537.92
PTC UW Equity,13434297950
PTCT UW Equity,2581806211
PTE UR Equity,16369310.58
PTEN UW Equity,3496292516
PTGX UQ Equity,469984347.4
PTNR UW Equity,1379448534
PTON UW Equity,6210871671
PTSI UQ Equity,692880638.2
PVBC UR Equity,279227744
PWFL UQ Equity,101428186.4
PWOD UW Equity,164124734.4
PXLW UQ Equity,118792326.4
PYPL UW Equity,1.05995E+11
PZZA UW Equity,3311639918
QCOM UW Equity,1.62702E+11
QCRH UQ Equity,975088319.3
QDEL UW Equity,4234389958
QIWI UW Equity,
QLYS UW Equity,5401541668
QMCO UQ Equity,113614105.8
QNST UW Equity,536260266.1
QRTEA UW Equity,1676168216
QRTEB UW Equity,1675079049
QRVO UW Equity,12964085324
QTNT UQ Equity,62041688.47
QTRX UQ Equity,908262602.6
QUIK UR Equity,61811670
QUMU UR Equity,23392523.28
QURE UW Equity,735577598.9
RAIL UW Equity,92317489.6
RAPT UQ Equity,448896562.2
RARE UW Equity,5051016735
RBB UW Equity,417680949
RBBN UW Equity,525391853
RBCAA UW Equity,836769699.4
RBCN UR Equity,23022995.32
RCEL UR Equity,158278468
RCII UW Equity,1510999968
RCKT UQ Equity,689740789.3
RCKY UW Equity,286453147.8
RCM UW Equity,6501583385
RCMT UQ Equity,185364815.3
RCON UR Equity,24666446.3
RDFN UW Equity,1287079489
RDI UR Equity,115260846.2
RDIB UR Equity,114605416.1
RDNT UQ Equity,1115510688
RDUS UQ Equity,328836312.8
RDVT UR Equity,364176194.3
REAL UW Equity,553918276.6
REED UR Equity,27330367.76
REFR UR Equity,57603720.72
REG UW Equity,11513653985
REGI UW Equity,3080869239
REGN UW Equity,71621915412
RELL UW Equity,165030907.9
RENT UW Equity,411066697.9
REPH UR Equity,
REPL UW Equity,794064546.9
RETA UQ Equity,980646682.3
REYN UW Equity,6198271531
RFIL UQ Equity,65221290.5
RGC UR Equity,278126310
RGCO UQ Equity,205035450.2
RGEN UW Equity,8803894630
RGLD UW Equity,8554044767
RGLS UR Equity,28042984.68
RGNX UW Equity,1222507848
RGP UW Equity,561457509.8
RICK UQ Equity,613219190.5
RIGL UW Equity,423091865
RILY UQ Equity,1347816573
RMBI UR Equity,193390100
RMBS UW Equity,2810625321
RMCF UQ Equity,38994790.4
RMNI UQ Equity,509177559.2
RMR UR Equity,857336849.5
RMTI UR Equity,30592595.99
RNST UW Equity,1688154920
RNWK UW Equity,23491289.66
ROAD UW Equity,1359337960
ROCC UW Equity,1384158056
ROCK UW Equity,1288099181
ROIC UW Equity,2267953281
ROKU UW Equity,14022840212
ROLL UW Equity,4898874304
ROST UW Equity,35603071889
RPD UQ Equity,5637771198
RPRX UW Equity,25813557427
RRBI UW Equity,389317801.3
RRGB UW Equity,204098821.6
RRR UW Equity,4864375000
RSLS UR Equity,15199705.62
RSSS UR Equity,52037831.04
RUBY UW Equity,156022863
RUN UW Equity,4560721332
RUSHA UW Equity,2829282566
RUSHB UW Equity,2829282566
RUTH UW Equity,721656378.2
RVNC UQ Equity,1273617494
RVSB UW Equity,152575090.6
RXDX UW Equity,1069439891
RYAAY UW Equity,19861056446
RYTM UQ Equity,317480505.3
SABR UW Equity,3413249539
SAFM UW Equity,4239825813
SAFT UW Equity,1270004175
SAGE UQ Equity,1925556457
SAIA UW Equity,5516451094
SAL UR Equity,150233711
SALM UQ Equity,81819698.24
SAMG UQ Equity,309792897.5
SANG UW Equity,224982894.2
SANM UW Equity,2603273380
SANW UR Equity,52914493.76
SASR UW Equity,1783031608
SATS UW Equity,1985059286
SAVA UR Equity,832465795.2
SBAC UW Equity,36433279752
SBCF UW Equity,2053956060
SBFG UR Equity,137269917.2
SBGI UW Equity,1709443895
SBNY UW Equity,15679880288
SBRA UW Equity,2688313604
SBSI UW Equity,1263034012
SBT UR Equity,343378464.4
SBTX UQ Equity,110707635.1
SBUX UW Equity,86698111000
SCHL UW Equity,1265613656
SCHN UW Equity,1229136746
SCOR UW Equity,183224790.8
SCSC UW Equity,855686682.6
SCVL UW Equity,881124817.5
SCWX UW Equity,944414043
SDGR UW Equity,1868799489
SEAC UW Equity,52201609.06
SEDG UW Equity,14140636680
SEED UR Equity,50615483.7
SEEL UR Equity,65286774.95
SEIC UW Equity,7723932499
SELB UQ Equity,121447532.8
SENEA UW Equity,442777332.6
SENEB UW Equity,441412582.2
SFBC UR Equity,99251163.66
SFIX UW Equity,1112768912
SFM UW Equity,3344507060
SFNC UW Equity,3112742762
SFST UQ Equity,363374930
SGA UQ Equity,137399513.4
SGBX UR Equity,22572921.24
SGC UQ Equity,263309130.9
SGEN UW Equity,24012667629
SGH UW Equity,1142098695
SGLY UR Equity,133420621.3
SGMA UR Equity,40525960.24
SGMO UW Equity,651191534.4
SGMS UW Equity,
SGRP UR Equity,25340680.24
SGRY UW Equity,4604929644
SHBI UW Equity,399241160
SHC UW Equity,5811894159
SHEN UW Equity,934051285.7
SHOO UW Equity,3403030052
SHYF UW Equity,906093980.8
SIBN UQ Equity,688174798.9
SIEB UR Equity,68046793.5
SIEN UW Equity,94535990.16
SIGA UQ Equity,511915135.7
SIGI UW Equity,5039767598
SILC UW Equity,228655329.1
SILK UW Equity,1403768165
SIMO UW Equity,2779205708
SIOX UW Equity,21013422.08
SIRI UW Equity,23734782525
SIVB UW Equity,29282980437
SKYW UW Equity,1465637186
SLAB UW Equity,5155667509
SLDB UW Equity,62046526.85
SLGN UW Equity,4933001354
SLM UW Equity,4557794713
SLNG UR Equity,84959451.34
SLNH UR Equity,122396463.3
SLP UW Equity,943443819.5
SLRX UR Equity,10652563.36
SLS UR Equity,58526542.65
SMBC UQ Equity,403172553.6
SMBK UR Equity,412871812.1
SMCI UW Equity,2199056326
SMED UR Equity,81724789.44
SMID UR Equity,86812322.8
SMLR UR Equity,320920605.7
SMMF UW Equity,348669590
SMPL UR Equity,4044913539
SMSI UR Equity,174958383.2
SMTC UW Equity,3883541630
SNBR UW Equity,944193040
SNCR UW Equity,117385006
SND UW Equity,180233738.4
SNDX UW Equity,945712061.6
SNEX UW Equity,1375042305
SNFCA UQ Equity,178799008.3
SNGX UR Equity,23452933.69
SNPS UW Equity,44507328019
SNY UW Equity,1.34099E+11
SOHO UQ Equity,34028459.18
SOHU UW Equity,600449474.9
SONM UR Equity,12796767.37
SONO UW Equity,2955415454
SP UW Equity,659469024.9
SPFI UW Equity,428933587.9
SPLK UW Equity,19943265455
SPNE UW Equity,354343014.7
SPNS UW Equity,1279710809
SPOK UW Equity,137264789.3
SPPI UW Equity,153820847.9
SPRO UW Equity,166725795.3
SPSC UW Equity,4354516363
SPTN UW Equity,1204770611
SPWH UW Equity,436605840.8
SPWR UW Equity,2937991012
SRAX UQ Equity,102242715.1
SRCE UW Equity,1059789553
SRCL UW Equity,4512316606
SRDX UW Equity,530920500
SREV UW Equity,108932864.7
SRGA UW Equity,40541925.31
SRNE UR Equity,556968344.4
SRPT UW Equity,6455565919
SRRK UW Equity,269698287.7
SSB UW Equity,5863902793
SSBI UQ Equity,106956144
SSKN UR Equity,43751037.96
SSNC UW Equity,16507337417
SSP UW Equity,1384500881
SSRM UW Equity,4446691561
SSTI UR Equity,338508700.2
SSYS UW Equity,1327854514
STAA UQ Equity,2869579608
STAB UR Equity,14095815.51
STBA UW Equity,1125851794
STCN UR Equity,77385881.6
STFC UW Equity,
STGW UW Equity,2061957251
STIM UQ Equity,67326121.8
STKL UW Equity,617226634.5
STLD UW Equity,15780145369
STNE UW Equity,3084478860
STOK UW Equity,586762099.3
STRA UW Equity,1669811324
STRL UW Equity,705440623.2
STRM UR Equity,70714173.6
STRO UQ Equity,309736079.4
STRR UQ Equity,14496845.53
STRS UW Equity,344250681.5
STRT UQ Equity,138620157.9
STSA UQ Equity,122712244
STX UW Equity,17713885244
STXB UW Equity,445997912.9
SUMR UR Equity,25521907.32
SUPN UQ Equity,1542417582
SVA UW Equity,
SVC UW Equity,1309175857
SVRA UW Equity,134567034.8
SWAV UW Equity,5662688184
SWBI UW Equity,645794207.8
SWIR UW Equity,600897380.2
SWKH UR Equity,249530585.2
SWKS UW Equity,19159629854
SYBT UW Equity,1545166661
SYBX UQ Equity,117346868.6
SYNA UW Equity,6178740803
SYNH UW Equity,7416174452
SYNL UQ Equity,164700552.8
SYPR UQ Equity,46822609.36
SYRS UW Equity,61176585.24
TA UW Equity,583400276.8
TACO UR Equity,
TACT UQ Equity,67288954.32
TAOP UR Equity,20012550.45
TAST UW Equity,85475393.69
TAYD UR Equity,31827632.2
TBBK UW Equity,1257410616
TBK UW Equity,1771692696
TBNK UW Equity,210699113.1
TBPH UQ Equity,773437772.7
TCBI UW Equity,2674636023
TCBK UW Equity,1300053271
TCDA UW Equity,497049138.3
TCFC UR Equity,214107982.4
TCMD UQ Equity,357112791.4
TCOM UW Equity,15196743647
TCRR UW Equity,89042056.95
TCX UR Equity,616980450.2
TEAM UW Equity,59812626556
TECH UW Equity,15030900215
TENB UW Equity,6214654136
TENX UR Equity,17165908.43
TER UW Equity,17544232678
TESS UW Equity,53003039.4
TFSL UW Equity,4142547132
TGA UR Equity,309647306.8
TGTX UR Equity,1090604929
TH UR Equity,710142025.1
THFF UW Equity,534254469.8
THRM UW Equity,2280409139
THRY UR Equity,912357073.5
THTX UR Equity,232096799.2
TIGO UW Equity,2194252482
TIGR UW Equity,652651184.3
TILE UW Equity,758244620.7
TIPT UR Equity,423177672.5
TITN UW Equity,542140023.2
TLRY UW Equity,2603015267
TMDI UR Equity,48184125.58
TMDX UQ Equity,615506826
TMUS UW Equity,1.58452E+11
TNDM UQ Equity,6250687198
TOWN UW Equity,2008876105
TPIC UQ Equity,432564497.6
TPST UR Equity,27544680.96
TPTX UW Equity,1629550909
TREE UW Equity,1062699653
TRHC UQ Equity,92291318.7
TRIP UW Equity,3529578836
TRMB UW Equity,16829886525
TRMD UW Equity,838334312.4
TRMK UW Equity,1723433512
TRNS UQ Equity,554544269.3
TROO UR Equity,346449173.2
TROW UW Equity,28475720428
TRS UW Equity,1221733119
TRST UW Equity,603514931.3
TRUE UW Equity,346271881.5
TRUP UQ Equity,2784873148
TRVG UW Equity,756788431.3
TRVN UR Equity,48596674.06
TSAT UW Equity,585213813.7
TSBK UQ Equity,218027932.5
TSC UW Equity,1025912091
TSCO UW Equity,23138026060
TSEM UW Equity,5287024038
TSLA UW Equity,9.35455E+11
TTD UQ Equity,30172495197
TTEC UW Equity,3472640858
TTEK UW Equity,7539937618
TTGT UQ Equity,2076679479
TTMI UW Equity,1421801364
TTNP UR Equity,8405923.742
TTOO UQ Equity,67337263.75
TTSH UR Equity,313154415.6
TTWO UW Equity,14078846578
TUEM UR Equity,80357241.2
TUSK UW Equity,102389421.1
TVTX UQ Equity,1633835265
TVTY UW Equity,1600834674
TW UW Equity,16446028384
TWIN UW Equity,195642317.4
TWNK UR Equity,3059388735
TWOU UW Equity,806866591.8
TWST UW Equity,1753843313
TXG UW Equity,5764284352
TXMD UW Equity,80400871.37
TXN UW Equity,1.60451E+11
TXRH UW Equity,5853062039
TYME UR Equity,54589585.4
TZOO UW Equity,90418215
UAL UW Equity,16398521534
UBCP UR Equity,103410270.7
UBFO UW Equity,135934567.9
UBOH UQ Equity,110182396.8
UBSI UW Equity,4607277345
UCBI UW Equity,3223160000
UCTT UW Equity,1422767071
UEIC UW Equity,380542472.7
UFCS UW Equity,739510543.4
UFPI UW Equity,4853816949
UFPT UR Equity,523633528.8
UG UQ Equity,88027152.04
UHAL UW Equity,10589185909
UIHC UR Equity,96595411.44
ULBI UQ Equity,79183972.62
ULH UW Equity,544904441.1
ULTA UW Equity,21180715816
UMBF UW Equity,4397031169
UMPQ UW Equity,3705796360
UNAM UQ Equity,15171908.18
UNB UQ Equity,133431485.6
UNIT UW Equity,2939473500
UNTY UQ Equity,302408260
UONE UR Equity,350396584.2
UONEK UR Equity,350396584.2
UPLD UQ Equity,468875519.7
UPST UW Equity,7077112104
UPWK UW Equity,2952158234
URBN UW Equity,2349458229
URGN UQ Equity,150969259.6
USAK UW Equity,154394840.4
USAP UW Equity,73451114.6
USEG UR Equity,97062367.5
USLM UW Equity,634644934.2
USWS UR Equity,63865101.36
UTHR UW Equity,8145758248
UTMD UW Equity,306178261
UTSI UW Equity,27570607.85
UVSP UW Equity,750097916.8
VABK UR Equity,177790926
VALN UW Equity,1412399430
VALU UR Equity,683500860.1
VBFC UR Equity,80288614.35
VBIV UR Equity,346065042
VBNK UW Equity,271941122.6
VBTX UQ Equity,1804612734
VC UW Equity,2926380709
VCEL UR Equity,1409182891
VCYT UQ Equity,1542463006
VECO UW Equity,1173857893
VEON UW Equity,1127997062
VERI UQ Equity,398126544.5
VERU UR Equity,822117084.2
VFF UR Equity,387901249
VG UW Equity,5086190990
VIA UW Equity,259222965.5
VIACA UW Equity,
VIAV UW Equity,3346678732
VICR UW Equity,2755813074
VIEW UQ Equity,371914273.4
VIR UW Equity,2760646131
VIRC UQ Equity,44763623.94
VIRT UW Equity,5028953136
VIRX UW Equity,99718808.84
VISL UR Equity,36206402.82
VIVO UW Equity,1130770470
VKTX UR Equity,195755491.4
VLGEA UW Equity,337012376.7
VLY UW Equity,6105461350
VNDA UQ Equity,577319746.6
VOD UW Equity,42552147860
VOXX UW Equity,184797012.4
VRA UW Equity,202448706.7
VRAY UQ Equity,498057442.2
VRCA UQ Equity,181625749.8
VRDN UR Equity,351028932.2
VREX UW Equity,768240000
VRM UW Equity,223667548.6
VRNA UQ Equity,235435391.1
VRNS UW Equity,4784755823
VRNT UW Equity,3498913064
VRRM UR Equity,2212149752
VRSK UW Equity,32099295184
VRSN UW Equity,19170339300
VRTS UW Equity,1344648109
VRTX UW Equity,66939673280
VSAT UW Equity,2785565678
VSEC UW Equity,537004212.6
VSTM UQ Equity,270177937.4
VTNR UR Equity,650192598.7
VTRS UW Equity,12349773819
VTSI UR Equity,59439215
VTVT UR Equity,57173264.5
VWE UQ Equity,624930377
VWTR UW Equity,287308367.2
VXRT UR Equity,479078023.7
VYGR UW Equity,301847682.2
VYNE UW Equity,23308723.59
WABC UW Equity,1589322960
WAFD UW Equity,1993167443
WASH UW Equity,818417040
WATT UR Equity,78612620.99
WAVD UR Equity,78398030.44
WB UW Equity,5400707538
WBA UW Equity,36727647689
WDAY UW Equity,52310910000
WDC UW Equity,16872521683
WDFC UW Equity,2504467463
WEN UW Equity,4206592636
WERN UW Equity,2576287415
WETF UW Equity,826598400
WEYS UW Equity,229878078.1
WFRD UW Equity,2254610719
WINA UQ Equity,710399621.7
WING UW Equity,2708004057
WINT UR Equity,20725631.47
WIRE UW Equity,2316028575
WIX UW Equity,4590128224
WKHS UR Equity,477776372.8
WLDN UQ Equity,362228840
WLFC UQ Equity,207509022.9
WMG UW Equity,15640042181
WMPN UR Equity,185105700.5
WNEB UW Equity,191489231.4
WOOF UW Equity,5052733437
WPRT UW Equity,192236937.1
WRAP UR Equity,106032970.9
WRLD UW Equity,1275069420
WSBC UW Equity,2002712261
WSBF UW Equity,393354630
WSC UR Equity,7752651708
WSFS UW Equity,2538200789
WSTG UQ Equity,152585436.5
WTBA UW Equity,411627471.8
WTFC UW Equity,5047443346
WTRH UW Equity,43645770.19
WTW UW Equity,23577532784
WVE UQ Equity,113170760.7
WW UW Equity,689614181.3
WWD UW Equity,6922587674
WYNN UW Equity,8312505882
XBIT UW Equity,234991203
XCUR UR Equity,15717488.26
XEL UW Equity,39579954148
XENT UQ Equity,933886638.2
XERS UW Equity,333399359.7
XFOR UR Equity,38221230.52
XGN UQ Equity,98345702.4
XLNX UW Equity,
XNCR UQ Equity,1548643905
XOMA UQ Equity,220966539.8
XPEL UR Equity,1255544786
XPER UW Equity,1664632157
XRAY UW Equity,8542654195
XRTX UR Equity,14938140.05
XRX UW Equity,2705238567
XSPA UR Equity,90336663.74
XXII UR Equity,320846303.7
YELL UW Equity,240463488.4
YMAB UW Equity,393871167.9
YMTX UR Equity,12799153.2
YNDX UW Equity,
YORW UW Equity,553441865.9
YTEN UR Equity,14141934.67
YY UW Equity,2879051057
Z UW Equity,10014292639
ZBRA UW Equity,20045172548
ZD UW Equity,4225952362
ZEAL UW Equity,472557757.9
ZEUS UW Equity,379318170
ZG UW Equity,10014292639
ZGNX UQ Equity,
ZION UW Equity,8628349480
ZIOP UW Equity,
ZM UW Equity,31345200083
ZNGA UW Equity,9484885668
ZNTL UQ Equity,1236442607
ZS UW Equity,29378199515
ZUMZ UW Equity,737773933.5
ZVO UW Equity,24519512.88
ZYNE UQ Equity,63687321.38
ZYXI UW Equity,241304885.6
