ticker,E_score,S_score,G_score,ESG_score
AAL UW Equity,96.3,99.95,73.3,89.85
AAME UQ Equity,52.08,63.8,5.62,40.5
AAOI UQ Equity,85.16,23.35,61.09,56.53
AAON UW Equity,83.33,30.98,46.2,53.5
AAPL UW Equity,44.38,95.57,37.39,59.11
AATC UR Equity,58.76,54.03,1.01,37.93
AAWW UW Equity,83.79,80.04,55.22,73.02
ABCB UW Equity,74.06,63.8,91.79,76.55
ABCL UW Equity,8.21,5.17,35.03,16.13
ABCM UW Equity,83.99,94.43,11.5,63.31
ABEO UR Equity,3.34,66.44,12.11,27.3
ABMD UW Equity,85.51,83.84,57.29,75.55
ABNB UW Equity,43.06,12.01,55.85,36.97
ABST UW Equity,75.53,83.84,72.8,77.39
ABTX UQ Equity,50.61,54.03,87.69,64.11
ACAD UW Equity,36.32,22.87,42.45,33.88
ACB UW Equity,26.8,66.44,21.12,38.12
ACBI UW Equity,28.22,75.58,36.07,46.62
ACER UR Equity,1.98,5.17,41.03,16.06
ACET UQ Equity,6.84,30.98,82.67,40.16
ACGL UW Equity,69.45,85.99,60.44,71.96
ACHC UW Equity,44.73,66.44,81.81,64.33
ACHV UR Equity,48.73,19.58,21.68,30.0
ACIW UW Equity,80.9,87.72,70.26,79.63
ACLS UW Equity,93.11,87.72,94.17,91.67
ACNB UR Equity,26.65,30.98,94.12,50.58
ACOR UW Equity,26.39,66.44,46.25,46.36
ACRS UW Equity,5.22,30.98,49.04,28.41
ACRX UQ Equity,3.29,30.98,56.79,30.35
ACTG UW Equity,25.84,30.98,49.19,35.33
ADAP UW Equity,4.81,30.98,34.09,23.29
ADBE UW Equity,87.69,8.59,97.26,64.51
ADES UQ Equity,80.5,24.21,35.92,46.88
ADI UW Equity,75.43,94.83,67.02,79.09
ADMA UQ Equity,22.64,41.13,9.32,24.37
ADMP UR Equity,2.79,16.13,21.73,13.55
ADP UW Equity,79.69,87.72,98.28,88.56
ADPT UW Equity,30.24,54.03,35.03,39.77
ADSK UW Equity,95.39,93.03,51.57,80.0
ADTN UW Equity,90.53,87.72,83.59,87.28
ADUS UW Equity,66.21,45.59,70.47,60.76
ADVM UQ Equity,5.78,54.03,28.88,29.56
AEHL UR Equity,13.42,13.88,57.35,28.22
AEHR UR Equity,58.31,8.59,50.96,39.29
AEIS UW Equity,92.91,93.03,89.01,91.65
AEP UW Equity,99.75,73.2,78.06,83.67
AERI UQ Equity,55.88,54.03,33.43,47.78
AEY UR Equity,20.11,8.59,50.96,26.55
AFIN UW Equity,64.18,63.8,34.25,54.08
AFMD UQ Equity,18.39,54.03,40.32,37.58
AFRM UW Equity,40.73,8.59,45.67,31.66
AFYA UW Equity,44.93,99.01,37.69,60.55
AGEN UR Equity,33.38,30.98,45.09,36.48
AGFS UW Equity,51.93,91.01,66.92,69.95
AGIO UW Equity,47.87,75.58,32.12,51.86
AGLE UQ Equity,14.64,30.98,25.38,23.67
AGNC UW Equity,73.56,2.08,42.35,39.33
AGRX UR Equity,4.1,54.03,43.16,33.76
AGTC UQ Equity,1.01,30.98,61.65,31.21
AGYS UW Equity,64.08,68.54,48.43,60.35
AIMC UW Equity,80.95,72.04,82.73,78.57
AIRG UR Equity,17.83,30.98,23.51,24.11
AIRT UQ Equity,59.98,13.88,57.07,43.64
AKAM UW Equity,87.59,93.03,70.36,83.66
AKBA UQ Equity,29.33,54.03,67.22,50.19
AKTS UR Equity,4.71,23.35,27.25,18.44
ALBO UR Equity,17.43,66.44,60.18,48.02
ALCO UW Equity,49.09,30.98,29.99,36.69
ALDX UR Equity,11.04,5.17,41.03,19.08
ALEC UW Equity,47.16,54.03,12.66,37.95
ALGM UW Equity,63.17,8.59,45.67,39.14
ALGN UW Equity,90.27,86.47,88.4,88.38
ALGT UW Equity,48.58,79.99,19.86,49.48
ALIM UQ Equity,19.4,66.44,66.77,50.87
ALJJ UQ Equity,54.15,30.98,16.82,33.98
ALKS UW Equity,84.55,83.84,46.61,71.66
ALLK UW Equity,46.96,54.03,26.85,42.61
ALLO UW Equity,17.27,54.03,44.98,38.76
ALNY UW Equity,73.51,75.58,27.1,58.73
ALOT UQ Equity,24.11,30.98,69.6,41.57
ALRM UW Equity,76.75,30.98,0.91,36.21
ALRS UR Equity,53.9,38.93,70.57,54.47
ALT UQ Equity,4.26,54.03,48.38,35.55
ALTM UQ Equity,44.43,72.67,10.54,42.54
ALTO UR Equity,63.93,94.02,83.94,80.63
ALTR UW Equity,70.16,87.72,16.36,58.08
ALVR UW Equity,11.04,5.17,35.03,17.08
AMAL UQ Equity,74.57,98.63,40.02,71.07
AMAT UW Equity,99.49,99.42,86.63,95.18
AMBA UW Equity,87.74,73.61,23.25,61.53
AMCX UW Equity,67.98,23.73,18.29,36.67
AMD UW Equity,69.96,98.07,71.12,79.72
AMED UW Equity,68.19,66.44,93.21,75.95
AMEH UR Equity,40.43,54.03,40.07,44.84
AMGN UW Equity,91.34,94.43,82.62,89.46
AMKR UW Equity,96.76,68.54,62.51,75.94
AMNB UW Equity,27.81,38.93,84.09,50.28
AMOT UQ Equity,81.97,80.4,49.65,70.67
AMPH UW Equity,34.8,30.98,57.4,41.06
AMRN UQ Equity,35.06,41.13,9.93,28.71
AMRS UW Equity,78.98,93.03,25.58,65.86
AMSC UW Equity,61.25,54.03,48.18,54.48
AMSF UW Equity,65.91,54.03,81.31,67.08
AMSWA UW Equity,63.37,54.03,44.43,53.94
AMTB UW Equity,36.58,38.93,47.97,41.16
AMTX UQ Equity,55.78,30.98,67.78,51.51
AMWD UW Equity,73.76,62.46,79.48,71.9
AMZN UW Equity,85.97,97.16,91.89,91.68
ANAB UW Equity,20.72,30.98,6.33,19.34
ANAT UW Equity,53.7,45.29,60.89,53.29
ANDE UW Equity,31.36,12.01,82.27,41.88
ANGI UW Equity,40.63,23.73,29.38,31.25
ANGO UW Equity,33.23,30.98,62.36,42.19
ANIK UW Equity,26.6,22.87,29.94,26.47
ANIP UQ Equity,29.43,41.13,36.63,35.73
ANSS UW Equity,87.39,98.28,51.42,79.03
ANTE UR Equity,59.12,10.56,6.28,25.32
AOSL UW Equity,81.81,83.84,53.55,73.07
APA UW Equity,97.82,99.75,86.12,94.56
APDN UR Equity,2.53,41.13,82.83,42.16
APEI UW Equity,65.15,75.58,72.9,71.21
APEN UQ Equity,17.12,54.03,48.07,39.74
APLS UW Equity,21.07,54.03,67.48,47.53
APLT UQ Equity,11.04,30.98,77.96,39.99
APOG UW Equity,75.48,71.28,75.18,73.98
APPF UQ Equity,66.26,54.03,62.72,61.0
APPN UQ Equity,66.41,30.98,11.04,36.14
APPS UR Equity,66.01,23.35,17.83,35.73
APTO UR Equity,12.74,5.17,41.03,19.65
APVO UR Equity,13.68,54.03,60.64,42.78
APWC UR Equity,29.28,72.04,2.58,34.63
APYX UW Equity,49.04,54.03,39.77,47.61
AQB UR Equity,1.62,5.17,41.03,15.94
AQMS UR Equity,56.99,54.03,4.76,38.59
ARAV UW Equity,5.02,30.98,32.47,22.82
ARAY UW Equity,54.86,19.58,82.37,52.27
ARCB UW Equity,88.91,98.73,82.88,90.17
ARDX UQ Equity,7.45,66.44,71.53,48.47
ARGX UW Equity,36.42,5.17,62.66,34.75
ARKR UQ Equity,24.72,30.98,1.98,19.22
ARLP UW Equity,45.74,15.02,52.18,37.65
ARNA UW Equity,88.1,77.91,9.73,58.58
AROW UW Equity,30.5,38.93,97.16,55.53
ARRY UQ Equity,66.31,13.88,53.14,44.44
ARTL UR Equity,8.79,5.17,33.28,15.75
ARTNA UW Equity,71.63,15.02,54.15,46.94
ARTW UR Equity,59.37,13.88,79.58,50.95
ARVN UW Equity,17.88,54.03,32.73,34.88
ARWR UW Equity,26.85,22.87,9.57,19.77
ASMB UW Equity,4.91,41.13,54.66,33.57
ASML UW Equity,97.06,94.88,72.09,88.01
ASND UW Equity,83.54,77.91,4.71,55.39
ASO UW Equity,30.34,12.01,55.85,32.73
ASPS UW Equity,86.27,17.15,38.2,47.21
ASRT UR Equity,49.54,54.03,31.05,44.88
ASRV UQ Equity,22.75,38.93,62.41,41.36
ASTC UR Equity,0.81,13.88,57.07,23.92
ASTE UW Equity,87.99,80.4,83.38,83.92
ASUR UR Equity,62.16,8.59,50.96,40.57
ASYS UW Equity,60.18,69.4,25.99,51.86
ATEC UW Equity,32.17,83.84,66.97,60.99
ATEX UR Equity,85.66,43.29,47.37,58.77
ATHE UR Equity,13.22,66.44,3.9,27.85
ATHX UR Equity,4.56,54.03,9.07,22.55
ATLC UW Equity,54.0,30.98,7.19,30.72
ATLO UR Equity,23.51,16.13,22.64,20.76
ATNI UW Equity,76.55,73.0,79.64,76.39
ATNX UW Equity,24.97,75.58,38.3,46.29
ATRA UW Equity,54.61,83.84,30.55,56.33
ATRC UQ Equity,32.88,75.58,87.23,65.23
ATRI UW Equity,23.71,17.4,79.43,40.18
ATRO UW Equity,34.75,72.04,93.77,66.85
ATRS UR Equity,28.01,30.98,28.27,29.09
ATSG UW Equity,79.08,44.55,80.24,67.96
ATVI UW Equity,84.65,96.66,42.25,74.52
AUB UW Equity,40.27,30.98,73.25,48.17
AUBN UQ Equity,16.92,38.93,39.46,31.77
AUTL UW Equity,2.84,19.58,19.55,13.99
AUTO UR Equity,20.52,23.73,86.58,43.61
AVAV UW Equity,84.6,90.55,21.53,65.56
AVCO UR Equity,2.03,30.98,51.87,28.29
AVDL UQ Equity,13.17,75.58,31.51,40.09
AVEO UR Equity,17.68,30.98,30.04,26.23
AVGO UW Equity,99.19,99.42,24.82,74.48
AVGR UR Equity,5.32,30.98,17.07,17.79
AVID UW Equity,66.77,42.43,59.68,56.29
AVNW UW Equity,62.11,8.59,43.97,38.22
AVRO UW Equity,11.04,30.98,19.05,20.36
AVT UW Equity,98.18,95.57,96.71,96.82
AVTX UR Equity,4.41,30.98,14.89,16.76
AVXL UW Equity,12.74,41.13,13.63,22.5
AWH UR Equity,5.88,5.17,38.65,16.57
AWRE UQ Equity,59.17,30.98,49.95,46.7
AXDX UR Equity,13.98,54.03,29.43,32.48
AXGN UR Equity,78.72,54.03,59.12,63.96
AXNX UW Equity,28.93,30.98,59.83,39.91
AXON UW Equity,78.88,83.84,36.27,66.33
AXSM UQ Equity,11.04,54.03,5.32,23.46
AXTI UW Equity,60.89,42.43,15.75,39.69
AY UW Equity,55.93,15.02,10.33,27.09
AZN UW Equity,97.52,94.43,60.94,84.3
AZPN UW Equity,83.38,54.03,66.01,67.81
AZTA UW Equity,90.78,87.72,91.08,89.86
BAND UW Equity,66.06,54.03,32.83,50.97
BANF UW Equity,46.86,30.98,92.65,56.83
BANR UW Equity,39.26,54.03,99.95,64.41
BATRA UW Equity,42.93,43.29,50.13,45.45
BATRK UW Equity,42.93,43.29,50.13,45.45
BBBY UW Equity,95.69,79.58,95.09,90.12
BBCP UR Equity,65.5,44.55,26.95,45.67
BBGI UQ Equity,65.35,69.88,15.2,50.14
BBI UR Equity,0.96,30.98,4.31,12.08
BBIO UW Equity,53.29,75.58,15.5,48.13
BBQ UW Equity,28.12,54.03,7.45,29.86
BBSI UW Equity,40.83,44.55,75.08,53.49
BCAB UQ Equity,0.25,5.17,35.03,13.48
BCBP UQ Equity,28.17,16.13,60.28,34.86
BCEL UW Equity,11.04,30.98,9.37,17.13
BCML UW Equity,25.99,19.58,93.97,46.51
BCOR UW Equity,40.48,38.93,85.51,54.97
BCOV UW Equity,65.1,54.03,65.1,61.41
BCPC UW Equity,85.92,81.16,80.04,82.37
BCRX UW Equity,27.76,54.03,69.71,50.5
BDSI UW Equity,7.7,19.58,1.27,9.52
BEAT UR Equity,8.79,5.17,31.16,15.04
BECN UW Equity,92.76,88.6,68.54,83.3
BELFA UW Equity,83.21,68.54,76.06,75.94
BELFB UW Equity,83.21,68.54,76.06,75.94
BFIN UW Equity,20.97,16.13,59.07,32.06
BFRA UR Equity,6.08,5.17,37.01,16.08
BFST UW Equity,33.33,30.98,99.65,54.65
BGCP UW Equity,51.42,77.53,32.93,53.96
BGFV UW Equity,39.92,70.74,56.08,55.58
BGNE UW Equity,81.0,93.03,68.34,80.79
BHF UW Equity,74.87,63.8,86.52,75.07
BIDU UW Equity,43.41,83.84,5.93,44.39
BIGC UQ Equity,65.25,8.59,45.67,39.83
BIIB UW Equity,94.22,94.43,85.26,91.3
BIMI UR Equity,69.55,66.44,12.61,49.54
BIOL UR Equity,70.47,75.58,9.68,51.91
BJRI UW Equity,51.11,54.03,95.44,66.86
BKNG UW Equity,56.28,89.77,84.65,76.9
BKR UW Equity,97.92,99.9,69.05,88.96
BKSC UR Equity,15.55,30.98,88.45,44.99
BL UW Equity,86.83,42.43,68.09,65.78
BLBD UQ Equity,66.11,54.03,45.19,55.11
BLCM UR Equity,4.86,54.03,16.41,25.1
BLDE UR Equity,5.07,13.88,17.78,12.24
BLDP UQ Equity,98.83,75.58,82.22,85.55
BLFS UR Equity,24.21,54.03,47.01,41.75
BLI UW Equity,23.05,5.17,35.03,21.08
BLIN UR Equity,58.97,8.59,50.96,39.51
BLKB UW Equity,80.29,30.98,51.37,54.21
BLMN UW Equity,85.56,43.95,36.22,55.24
BLNK UR Equity,58.41,13.88,46.35,39.55
BLUE UW Equity,3.75,75.58,34.14,37.83
BMRC UR Equity,49.9,54.03,95.39,66.44
BMRN UW Equity,81.1,94.43,49.09,74.87
BNFT UQ Equity,79.84,30.98,6.48,39.1
BNOX UQ Equity,12.31,66.44,38.6,39.12
BNTX UW Equity,88.2,83.84,17.58,63.2
BOKF UW Equity,42.65,30.98,94.68,56.1
BOMN UR Equity,46.81,30.98,19.96,32.58
BOOM UW Equity,90.22,83.84,85.16,86.41
BPMC UW Equity,29.03,54.03,78.88,53.98
BPOP UW Equity,74.37,54.03,97.47,75.29
BPRN UW Equity,23.91,38.93,54.61,39.15
BPTH UR Equity,12.74,41.13,4.36,19.41
BRCN UR Equity,0.56,15.02,52.18,22.59
BRID UQ Equity,21.53,81.64,0.41,34.52
BRKL UW Equity,36.52,30.98,98.68,55.4
BRKR UW Equity,56.94,5.17,86.07,49.39
BRY UW Equity,93.52,83.84,34.19,70.52
BSET UW Equity,51.67,79.58,73.0,68.09
BSGM UR Equity,0.86,30.98,9.78,13.87
BSQR UR Equity,60.49,68.54,11.25,46.76
BSRR UW Equity,29.69,21.99,98.18,49.95
BSVN UW Equity,21.94,63.8,29.13,38.29
BSY UW Equity,68.24,8.59,45.67,40.83
BTAI UR Equity,12.74,66.44,2.74,27.3
BUSE UW Equity,37.69,17.15,92.0,48.94
BVS UW Equity,73.25,0.46,39.92,37.88
BVXV UR Equity,9.78,5.17,41.03,18.66
BWB UR Equity,72.54,30.98,82.57,62.03
BWEN UR Equity,76.19,45.04,27.56,49.59
BWFG UQ Equity,25.53,30.98,74.82,43.78
BXRX UR Equity,1.72,54.03,61.96,39.24
BYFC UR Equity,15.5,2.08,62.97,26.85
BYND UW Equity,82.93,30.98,62.31,58.74
BYSI UR Equity,0.61,30.98,28.06,19.88
BZUN UW Equity,88.3,43.95,6.38,46.21
CAAS UR Equity,29.18,70.74,8.21,36.04
CABA UW Equity,11.04,30.98,6.43,16.15
CAC UW Equity,33.03,38.93,93.06,55.01
CACC UW Equity,68.49,19.58,73.96,54.01
CAKE UW Equity,89.72,79.58,98.94,89.41
CALA UW Equity,6.89,30.98,83.13,40.33
CALM UW Equity,39.77,19.58,9.47,22.94
CAMP UW Equity,63.63,54.03,47.72,55.12
CAR UW Equity,99.59,98.43,1.57,66.53
CARA UQ Equity,15.3,30.98,57.7,34.66
CARG UW Equity,38.75,54.03,17.48,36.75
CASA UW Equity,64.49,30.98,24.11,39.86
CASH UW Equity,73.61,2.08,88.7,54.8
CASI UR Equity,15.81,30.98,16.57,21.12
CASS UW Equity,46.4,8.59,31.56,28.85
CASY UW Equity,93.72,83.84,70.62,82.73
CATC UR Equity,32.37,2.08,95.69,43.38
CATY UW Equity,51.17,30.98,68.9,50.35
CBAN UQ Equity,49.8,19.58,86.42,51.93
CBAT UR Equity,86.02,19.58,13.07,39.56
CBAY UW Equity,11.04,41.13,19.45,23.88
CBFV UQ Equity,21.28,30.98,91.39,47.88
CBIO UR Equity,5.57,5.17,41.03,17.26
CBNK UW Equity,32.22,30.98,58.36,40.52
CBRL UW Equity,88.55,54.03,96.05,79.54
CBSH UW Equity,74.16,2.08,91.84,56.03
CBTX UW Equity,30.6,38.93,85.01,51.51
CCB UW Equity,27.36,19.58,67.58,38.17
CCBG UW Equity,33.49,16.13,78.52,42.71
CCCC UW Equity,6.33,5.17,35.03,15.51
CCEL UR Equity,15.25,30.98,1.42,15.88
CCEP UW Equity,75.38,100.0,59.02,78.13
CCLP UW Equity,20.31,15.02,14.39,16.57
CCMP UW Equity,92.45,83.84,95.9,90.73
CCNE UW Equity,33.43,21.99,87.89,47.77
CCOI UW Equity,77.71,78.32,51.98,69.33
CCRN UW Equity,55.72,83.84,80.29,73.29
CCXI UW Equity,16.31,75.58,27.15,39.68
CDEV UR Equity,93.47,75.58,14.69,61.25
CDK UW Equity,82.32,93.03,51.27,75.54
CDLX UQ Equity,65.65,54.03,19.6,46.43
CDMO UR Equity,72.29,30.98,8.92,37.39
CDNA UQ Equity,28.06,54.03,25.23,35.77
CDNS UW Equity,69.15,87.72,80.19,79.02
CDTX UQ Equity,47.01,54.03,40.12,47.05
CDW UW Equity,95.95,93.03,75.38,88.12
CDXC UR Equity,21.12,30.98,31.31,27.8
CDXS UW Equity,57.7,54.03,24.72,45.48
CDZI UQ Equity,1.17,44.91,27.71,24.59
CECE UW Equity,53.34,73.1,29.58,52.01
CELC UR Equity,9.7,16.13,8.76,11.53
CELH UR Equity,23.2,17.58,27.2,22.66
CEMI UR Equity,43.82,54.03,46.86,48.24
CENT UW Equity,41.82,54.03,42.58,46.14
CENTA UW Equity,41.82,54.03,42.58,46.14
CENX UW Equity,99.29,98.15,64.34,87.26
CERE UR Equity,11.04,5.17,8.71,8.31
CERN UW Equity,71.23,94.43,63.63,76.43
CERS UQ Equity,23.45,66.44,51.32,47.07
CERT UW Equity,8.11,5.17,35.03,16.1
CETX UR Equity,59.93,8.59,50.96,39.83
CEVA UW Equity,60.94,30.98,34.55,42.16
CFFI UW Equity,51.57,2.08,94.63,49.43
CFFN UW Equity,35.16,30.98,93.41,53.18
CFMS UR Equity,19.91,30.98,30.24,27.04
CG UW Equity,79.79,75.58,3.14,52.84
CGC UW Equity,33.13,77.91,22.39,44.48
CGEN UQ Equity,4.66,5.17,25.53,11.79
CGNT UW Equity,62.31,8.59,31.91,34.27
CGNX UW Equity,86.78,8.59,30.85,42.07
CGRN UR Equity,92.0,30.98,33.33,52.1
CHCI UR Equity,60.28,54.03,1.32,38.54
CHCO UW Equity,50.35,2.08,90.78,47.74
CHDN UW Equity,40.37,12.01,46.56,32.98
CHEF UW Equity,70.62,88.8,73.61,77.68
CHK UW Equity,84.04,80.83,97.87,87.58
CHKP UW Equity,68.54,42.43,40.27,50.41
CHMG UW Equity,26.04,63.8,97.06,62.3
CHNG UW Equity,43.21,5.17,35.03,27.8
CHNR UR Equity,1.22,72.67,1.47,25.12
CHRS UQ Equity,33.08,66.44,11.4,36.97
CHRW UW Equity,69.4,90.55,97.37,85.77
CHTR UW Equity,82.83,69.88,51.82,68.18
CHUY UW Equity,50.2,54.03,44.78,49.67
CHX UW Equity,72.75,80.83,72.04,75.2
CIDM UQ Equity,45.95,43.29,1.06,30.1
CIGI UW Equity,68.95,2.08,46.5,39.18
CINF UW Equity,85.26,2.08,96.56,61.3
CIVB UR Equity,29.08,54.03,78.01,53.71
CIZN UQ Equity,20.77,19.58,28.17,22.84
CJJD UR Equity,19.55,12.01,14.18,15.25
CKPT UR Equity,0.71,30.98,12.06,14.58
CLAR UW Equity,50.76,43.95,21.63,38.78
CLBK UW Equity,35.51,54.03,83.64,57.73
CLBS UR Equity,13.27,30.98,44.22,29.49
CLDX UR Equity,4.36,22.87,78.32,35.18
CLFD UQ Equity,61.7,8.59,63.73,44.67
CLNE UW Equity,80.75,75.58,18.24,58.19
CLRB UR Equity,12.74,66.44,20.06,33.08
CLRO UR Equity,59.42,30.98,22.24,37.55
CLSD UQ Equity,15.86,30.98,23.0,23.28
CLSN UR Equity,1.11,54.03,48.23,34.46
CLVS UW Equity,49.85,54.03,89.87,64.58
CLXT UQ Equity,57.6,54.03,65.75,59.13
CMBM UQ Equity,76.34,87.72,15.55,59.87
CMCO UW Equity,93.67,99.01,98.13,96.94
CMCSA UW Equity,94.12,96.66,59.27,83.35
CMCT UQ Equity,76.14,21.99,0.61,32.91
CME UW Equity,82.57,93.92,100.0,92.16
CMLS UQ Equity,44.28,69.25,40.17,51.23
CMPR UW Equity,56.23,97.8,47.42,67.15
CMRX UQ Equity,2.58,30.98,19.0,17.52
CMTL UW Equity,63.78,68.54,50.46,60.93
CNCE UQ Equity,16.11,30.98,44.28,30.45
CNDT UW Equity,96.1,87.72,44.63,76.15
CNET UR Equity,45.69,23.73,1.93,23.78
CNOB UW Equity,36.07,54.03,81.0,57.03
CNSL UW Equity,66.92,93.03,43.31,67.76
CNTY UR Equity,33.99,71.48,8.0,37.83
CNXC UW Equity,69.05,8.59,45.67,41.1
CNXN UW Equity,42.15,30.98,38.4,37.17
CODA UR Equity,14.94,42.43,11.14,22.84
COFS UR Equity,25.23,19.58,4.46,16.42
COHR UW Equity,89.51,95.57,81.76,88.95
COHU UW Equity,86.37,72.95,85.97,81.76
COKE UW Equity,37.49,81.03,36.02,51.51
COLB UW Equity,73.66,16.13,98.89,62.89
COLL UW Equity,32.07,54.03,46.45,44.18
COLM UW Equity,88.86,97.16,44.38,76.8
COMM UW Equity,69.81,98.48,33.49,67.26
CONE UW Equity,85.36,54.03,5.17,48.18
CONN UW Equity,51.52,54.03,80.55,62.03
COOP UR Equity,68.59,63.8,26.55,52.98
CORT UR Equity,33.74,30.98,44.07,36.26
COST UW Equity,43.52,12.01,57.24,37.59
COUP UW Equity,94.53,95.57,15.91,68.67
COWN UW Equity,79.64,83.84,53.95,72.48
CPHC UQ Equity,43.62,12.01,2.89,19.5
CPIX UW Equity,16.51,66.44,13.83,32.26
CPRT UW Equity,67.27,80.4,26.49,58.05
CPRX UR Equity,72.34,54.03,47.67,58.01
CPSH UR Equity,46.91,19.58,3.65,23.38
CPSI UW Equity,73.3,54.03,29.33,52.22
CPSS UQ Equity,65.3,0.46,79.84,48.53
CRAI UW Equity,39.01,72.04,21.28,44.11
CRBP UQ Equity,1.52,41.13,48.63,30.43
CRDF UR Equity,0.91,54.03,19.1,24.68
CRDL UR Equity,0.15,77.91,7.5,28.52
CREG UR Equity,18.14,54.03,7.7,26.62
CRESY UW Equity,48.28,2.08,10.84,20.4
CREX UR Equity,53.09,10.56,31.36,31.67
CRIS UQ Equity,8.51,30.98,24.06,21.18
CRMD UQ Equity,0.35,22.87,47.21,23.48
CRMT UW Equity,67.53,30.98,76.85,58.45
CRNC UW Equity,66.51,8.59,45.67,40.26
CRON UQ Equity,19.5,75.58,61.9,52.33
CROX UW Equity,89.77,97.16,32.57,73.17
CRSP UQ Equity,38.15,30.98,4.26,24.46
CRTO UW Equity,82.73,98.83,44.58,75.38
CRTX UW Equity,11.04,30.98,38.86,26.96
CRUS UW Equity,98.13,93.03,81.46,90.87
CRVL UW Equity,37.23,54.03,51.67,47.64
CRVS UQ Equity,12.74,41.13,19.15,24.34
CRWD UW Equity,67.83,8.59,45.67,40.7
CRWS UR Equity,21.63,12.01,77.76,37.13
CSCO UW Equity,99.04,95.57,74.21,89.61
CSCW UR Equity,4.61,8.59,50.96,21.39
CSGP UW Equity,77.76,54.03,33.23,55.01
CSGS UW Equity,41.44,95.57,66.72,67.91
CSII UW Equity,47.32,75.58,79.28,67.39
CSIQ UW Equity,92.71,95.57,6.03,64.77
CSTE UW Equity,36.68,54.03,18.64,36.45
CSTL UQ Equity,47.11,30.98,55.32,44.47
CSTR UW Equity,29.64,54.03,82.17,55.28
CSWC UW Equity,19.1,63.8,18.59,33.83
CSWI UW Equity,91.29,90.55,54.76,78.87
CSX UW Equity,83.13,91.74,86.47,87.12
CTAS UW Equity,81.21,99.29,56.48,78.99
CTBI UW Equity,34.3,38.93,77.61,50.28
CTG UW Equity,51.01,54.03,74.77,59.94
CTHR UR Equity,18.09,54.03,73.2,48.44
CTIC UR Equity,11.04,16.13,25.13,17.43
CTLP UW Equity,64.64,30.98,24.92,40.18
CTMX UW Equity,72.24,30.98,55.12,52.78
CTRE UW Equity,92.1,75.58,33.69,67.12
CTRN UW Equity,73.71,54.03,97.67,75.14
CTSH UW Equity,99.7,93.03,99.14,97.29
CTSO UR Equity,17.07,54.03,18.39,29.83
CTXS UW Equity,98.02,78.67,76.7,84.46
CUE UR Equity,14.13,54.03,59.52,42.56
CUTR UW Equity,26.29,75.58,72.54,58.14
CVBF UW Equity,55.02,63.8,99.34,72.72
CVCO UW Equity,68.34,70.74,60.54,66.54
CVCY UR Equity,25.08,30.98,92.3,49.45
CVET UW Equity,74.62,86.47,91.95,84.35
CVGI UW Equity,89.92,90.55,27.46,69.31
CVGW UW Equity,74.42,89.77,41.59,68.59
CVLG UW Equity,82.02,75.58,48.68,68.76
CVLT UW Equity,70.11,78.67,59.32,69.37
CVLY UQ Equity,52.58,30.98,42.15,41.9
CVT UQ Equity,62.41,8.59,8.66,26.55
CVV UR Equity,58.66,54.03,17.38,43.36
CWCO UW Equity,58.51,75.58,84.25,72.78
CWST UW Equity,94.63,88.68,54.05,79.12
CXDO UR Equity,59.83,42.43,15.7,39.32
CYAN UR Equity,14.18,30.98,62.16,35.77
CYBE UQ Equity,62.46,54.03,28.22,48.24
CYBR UW Equity,86.73,8.59,23.66,39.66
CYCC UR Equity,12.74,66.44,26.75,35.31
CYCN UW Equity,3.95,54.03,66.62,41.53
CYN UR Equity,27.2,8.59,13.78,16.52
CYRX UR Equity,90.58,66.44,75.43,77.48
CYT UW Equity,11.04,5.17,12.72,9.64
CYTH UR Equity,2.28,5.17,41.03,16.16
CYTK UW Equity,72.19,66.44,55.47,64.7
CZNC UR Equity,27.3,2.08,98.83,42.74
CZR UW Equity,95.44,73.35,62.77,77.19
CZWI UQ Equity,24.52,30.98,14.54,23.35
DAIO UR Equity,58.61,8.59,50.96,39.39
DAKT UW Equity,34.9,54.03,81.61,56.85
DALN UR Equity,29.99,10.56,43.01,27.85
DBX UW Equity,84.75,54.03,22.95,53.91
DCOM UW Equity,37.64,38.93,96.1,57.56
DCPH UW Equity,48.18,66.44,32.52,49.05
DCT UW Equity,65.55,8.59,26.7,33.61
DCTH UR Equity,3.55,54.03,26.04,27.87
DDOG UW Equity,39.97,8.59,45.67,31.41
DENN UR Equity,85.46,83.84,42.1,70.47
DFFN UR Equity,11.04,54.03,39.87,34.98
DGICA UW Equity,68.06,38.93,85.79,64.26
DGICB UW Equity,68.06,38.93,85.79,64.26
DGII UW Equity,86.68,8.59,24.21,39.83
DHC UW Equity,76.9,63.8,61.14,67.28
DHIL UW Equity,32.02,21.99,53.24,35.75
DIOD UW Equity,91.49,83.84,50.41,75.24
DISCA UW Equity,87.23,89.01,73.4,83.22
DISCB UW Equity,87.23,89.01,73.4,83.22
DISCK UW Equity,87.23,89.01,73.4,83.22
DISH UW Equity,46.45,10.56,3.39,20.14
DJCO UR Equity,54.05,19.58,2.68,25.44
DKNG UW Equity,39.72,12.01,55.85,35.86
DLHC UR Equity,34.6,13.88,57.07,35.18
DLTH UW Equity,38.8,54.03,82.47,58.43
DLTR UW Equity,95.59,97.16,78.37,90.37
DMRC UW Equity,93.87,54.03,2.03,49.97
DNLI UW Equity,18.79,54.03,36.42,36.42
DOCU UW Equity,77.15,83.84,42.86,67.95
DOMO UQ Equity,65.45,30.98,5.12,33.85
DOOO UW Equity,96.61,91.64,49.7,79.31
DORM UW Equity,70.57,54.03,84.95,69.85
DOX UW Equity,69.86,87.72,19.76,59.11
DRIO UR Equity,59.63,5.17,37.01,33.93
DRRX UR Equity,13.78,30.98,65.81,36.85
DRVN UW Equity,40.88,13.88,50.53,35.1
DSGX UW Equity,89.31,78.67,71.88,79.96
DSKE UR Equity,56.89,54.03,12.82,41.24
DTIL UW Equity,45.59,54.03,13.02,37.55
DVAX UR Equity,44.12,54.03,37.89,45.35
DWSN UW Equity,52.53,30.98,7.09,30.2
DXCM UW Equity,55.22,54.03,90.88,66.71
DXLG UQ Equity,35.71,75.58,77.2,62.83
DXPE UW Equity,37.03,72.04,49.59,52.89
DXYN UQ Equity,32.32,70.74,35.97,46.34
DYN UW Equity,8.79,5.17,18.14,10.7
DZSI UR Equity,63.98,23.35,1.17,29.5
EA UW Equity,91.54,96.66,90.98,93.06
EAST UR Equity,5.37,12.01,17.63,11.67
EBAY UW Equity,90.43,97.16,90.48,92.69
EBC UW Equity,46.3,17.15,87.84,50.43
EBIX UW Equity,68.39,54.03,38.45,53.62
EBMT UQ Equity,49.75,30.98,94.28,58.33
EBTC UW Equity,31.86,54.03,98.07,61.32
ECOL UW Equity,83.49,72.85,76.49,77.61
ECOR UW Equity,4.51,54.03,19.25,25.93
ECPG UW Equity,37.59,63.8,58.71,53.37
EDIT UW Equity,15.6,30.98,60.59,35.72
EEFT UW Equity,43.16,75.58,86.17,68.3
EFSC UW Equity,82.98,85.99,99.09,89.35
EGAN UR Equity,62.21,75.58,11.55,49.78
EGBN UR Equity,37.34,54.03,64.79,52.05
EGLE UW Equity,57.85,72.04,17.53,49.14
EGRX UQ Equity,27.46,30.98,31.26,29.9
EHTH UW Equity,83.43,54.03,39.21,58.89
EIGR UQ Equity,13.63,54.03,28.12,31.92
ELDN UR Equity,11.04,30.98,19.3,20.44
EMCF UR Equity,18.95,30.98,98.38,49.43
EMKR UQ Equity,81.76,8.59,58.56,49.64
EML UQ Equity,63.12,23.99,48.99,45.36
ENDP UW Equity,91.13,83.84,5.78,60.25
ENG UR Equity,60.13,54.03,11.2,41.78
ENPH UQ Equity,96.25,75.58,29.64,67.16
ENSG UW Equity,56.64,66.44,66.16,63.08
ENTA UW Equity,23.96,30.98,82.78,45.91
ENTG UW Equity,96.15,75.58,86.22,85.98
EPAY UW Equity,85.01,54.03,49.44,62.83
EPZM UW Equity,17.02,41.13,14.59,24.25
EQ UQ Equity,8.79,5.17,59.42,24.46
EQBK UW Equity,32.78,54.03,87.79,58.2
EQIX UW Equity,99.54,93.92,32.17,75.21
ERIC UW Equity,69.91,8.59,90.53,56.34
ERIE UW Equity,84.25,63.8,95.64,81.23
ERII UW Equity,84.95,54.03,65.5,68.16
ESCA UQ Equity,34.7,42.91,27.66,35.09
ESGR UW Equity,76.95,77.53,78.12,77.53
ESLT UW Equity,89.16,91.95,48.58,76.56
ESPR UQ Equity,54.71,54.03,54.91,54.55
ESQ UR Equity,22.85,16.13,85.21,41.4
ESSA UW Equity,23.25,30.98,88.04,47.42
ETSY UW Equity,93.31,75.58,90.17,86.36
EVBG UQ Equity,66.36,30.98,14.24,37.19
EVER UQ Equity,34.55,43.29,15.65,31.16
EVFM UR Equity,54.31,41.13,42.96,46.13
EVGN UQ Equity,57.19,54.03,31.21,47.48
EVLO UW Equity,11.04,54.03,6.59,23.89
EVO UW Equity,79.18,89.16,43.36,70.57
EVOL UR Equity,60.79,68.54,6.53,45.29
EVOP UQ Equity,38.7,54.03,80.09,57.61
EWBC UW Equity,42.6,54.03,66.67,54.43
EXAS UR Equity,77.25,54.03,49.54,60.28
EXC UW Equity,87.49,15.02,82.07,61.52
EXEL UW Equity,81.16,75.58,79.69,78.81
EXLS UW Equity,99.34,75.58,87.39,87.44
EXPD UW Equity,99.14,90.55,24.77,71.49
EXPE UW Equity,87.89,89.77,44.02,73.89
EXPI UQ Equity,68.9,30.98,0.76,33.54
EXPO UW Equity,66.16,23.99,64.08,51.41
EXTR UW Equity,93.92,30.98,29.18,51.36
EYE UW Equity,45.09,75.58,67.83,62.83
EYES UR Equity,12.74,19.58,23.81,18.71
EYPT UQ Equity,16.87,54.03,39.41,36.77
EZPW UW Equity,55.17,63.8,68.24,62.4
FANG UW Equity,96.45,83.84,69.66,83.32
FARM UW Equity,41.29,12.01,74.11,42.47
FARO UW Equity,93.36,83.84,68.39,81.86
FAST UW Equity,77.61,75.58,85.36,79.52
FATE UQ Equity,19.6,30.98,61.45,37.34
FB UW Equity,85.21,89.01,70.06,81.43
FBIO UR Equity,20.62,22.87,48.78,30.76
FBIZ UW Equity,72.44,30.98,80.9,61.44
FBMS UQ Equity,44.07,38.93,84.6,55.87
FBNC UW Equity,36.37,16.13,97.21,49.91
FBRX UR Equity,11.04,5.17,37.01,17.74
FCAP UR Equity,18.49,30.98,99.9,49.79
FCBC UW Equity,29.58,30.98,60.08,40.21
FCCO UR Equity,49.34,21.99,96.4,55.91
FCEL UQ Equity,60.99,54.03,75.48,63.5
FCFS UW Equity,42.05,54.03,36.32,44.13
FCNCA UW Equity,42.71,2.08,75.28,40.02
FDBC UQ Equity,25.18,17.15,94.98,45.77
FEIM UQ Equity,60.44,54.03,72.49,62.32
FELE UW Equity,88.96,80.4,59.98,76.44
FFBC UW Equity,39.67,63.8,91.34,64.94
FFHL UR Equity,81.61,0.46,1.72,27.93
FFIC UW Equity,35.56,30.98,48.13,38.22
FFIN UW Equity,38.6,30.98,39.72,36.43
FFIV UW Equity,83.28,75.58,97.57,85.48
FFNW UW Equity,21.78,30.98,39.82,30.86
FFWM UQ Equity,36.12,17.15,20.82,24.7
FGBI UQ Equity,28.32,30.98,54.81,38.04
FGEN UW Equity,47.21,30.98,48.83,42.34
FGF UQ Equity,58.11,2.08,73.1,44.43
FHB UW Equity,53.6,30.98,72.39,52.32
FIBK UW Equity,79.43,75.58,88.15,81.05
FISI UW Equity,33.54,63.8,73.56,56.97
FISV UW Equity,55.83,93.03,36.37,61.74
FITB UW Equity,46.05,2.08,97.11,48.41
FIVE UW Equity,47.77,54.03,94.78,65.53
FIVN UQ Equity,67.73,16.13,30.75,38.2
FIXX UW Equity,16.57,54.03,37.44,36.01
FIZZ UW Equity,31.0,24.32,14.74,23.35
FLDM UW Equity,7.55,83.84,54.71,48.7
FLEX UW Equity,99.95,95.57,71.38,88.96
FLGT UQ Equity,37.39,54.03,20.57,37.33
FLIC UR Equity,72.59,2.08,98.53,57.73
FLL UR Equity,27.86,54.03,45.29,42.39
FLMN UR Equity,48.53,30.98,62.56,47.36
FLNT UQ Equity,35.66,30.98,10.39,25.68
FLUX UR Equity,59.32,16.13,0.05,25.17
FLWS UW Equity,56.69,75.58,52.94,61.74
FLXS UW Equity,83.69,78.22,88.91,83.6
FMAO UR Equity,26.14,2.08,42.71,23.64
FMBH UQ Equity,34.65,30.98,99.54,55.06
FMBI UW Equity,72.9,63.8,42.65,59.79
FMNB UR Equity,31.05,63.8,37.34,44.06
FNCB UR Equity,22.19,21.99,98.73,47.64
FNHC UQ Equity,76.65,75.58,78.17,76.8
FNKO UW Equity,39.11,54.03,51.52,48.22
FNLC UW Equity,43.87,77.53,85.06,68.82
FNWB UQ Equity,24.42,54.03,74.62,51.02
FNWD UR Equity,23.0,54.03,90.27,55.77
FOCS UW Equity,80.14,85.99,18.95,61.69
FOLD UQ Equity,85.41,86.47,67.63,79.84
FONR UR Equity,19.2,66.44,39.36,41.67
FORA UR Equity,5.62,5.17,41.03,17.27
FORM UW Equity,90.32,87.72,26.09,68.04
FORR UW Equity,37.13,72.04,59.88,56.35
FOSL UW Equity,44.88,83.84,83.03,70.58
FOX UW Equity,97.64,79.15,31.64,69.48
FOXA UW Equity,97.64,79.15,31.64,69.48
FOXF UW Equity,52.38,83.84,17.68,51.3
FRAF UR Equity,23.1,17.15,97.32,45.85
FRBA UQ Equity,26.55,19.58,74.47,40.2
FRBK UQ Equity,31.61,21.99,86.93,46.84
FREQ UW Equity,47.57,30.98,37.94,38.83
FRG UQ Equity,42.81,70.74,65.2,59.58
FRGI UW Equity,32.93,30.98,61.5,41.8
FRHC UR Equity,34.95,2.08,76.27,37.77
FRME UW Equity,38.91,21.99,84.4,48.43
FROG UW Equity,65.05,8.59,45.67,39.77
FRPH UW Equity,59.78,38.93,37.74,45.48
FRPT UQ Equity,70.92,54.03,52.43,59.13
FRST UQ Equity,49.95,38.93,79.38,56.09
FRTA UW Equity,75.99,45.54,3.55,41.69
FSBW UR Equity,72.49,54.03,30.19,52.24
FSFG UR Equity,32.57,16.13,93.57,47.42
FSLR UW Equity,99.85,83.84,91.69,91.79
FSTR UW Equity,82.47,89.31,92.81,88.2
FSV UW Equity,68.79,21.99,56.89,49.22
FTDR UW Equity,87.08,54.03,37.49,59.53
FTEK UR Equity,59.27,30.98,75.13,55.12
FTFT UR Equity,48.33,54.03,13.53,38.63
FTNT UW Equity,69.71,95.57,21.88,62.39
FULC UQ Equity,14.74,30.98,18.74,21.49
FULT UW Equity,41.03,63.8,95.19,66.68
FUNC UW Equity,24.37,17.15,93.82,45.11
FUSB UR Equity,19.35,54.03,60.39,44.59
FVCB UR Equity,23.81,19.58,92.5,45.3
FVE UR Equity,8.46,66.44,47.32,40.74
FWONA UW Equity,78.04,43.29,50.13,57.15
FWONK UW Equity,78.04,43.29,50.13,57.15
FWRD UW Equity,85.71,54.03,89.72,76.49
FXNC UR Equity,20.06,2.08,73.1,31.75
GABC UW Equity,45.8,0.46,82.93,43.06
GAIA UQ Equity,22.8,19.58,68.14,36.84
GALT UR Equity,12.74,66.44,33.64,37.61
GAME UR Equity,16.97,10.56,24.47,17.33
GASS UW Equity,51.47,17.65,6.79,25.3
GBNY UR Equity,14.34,2.08,62.97,26.46
GBT UW Equity,29.79,30.98,76.14,45.63
GCBC UR Equity,23.15,30.98,46.91,33.68
GDEN UQ Equity,38.96,45.44,18.84,34.41
GDRX UW Equity,40.68,5.17,35.03,26.96
GDS UQ Equity,84.7,78.67,2.99,55.45
GDYN UR Equity,64.59,8.59,45.67,39.61
GEG UW Equity,23.61,22.87,27.05,24.51
GENC UQ Equity,61.5,13.88,0.35,25.24
GEOS UW Equity,75.79,72.67,26.24,58.23
GERN UW Equity,2.13,19.58,78.67,33.46
GEVO UR Equity,57.14,0.46,56.64,38.08
GGAL UR Equity,89.21,85.99,10.74,61.98
GH UW Equity,34.85,66.44,11.7,37.66
GIFI UW Equity,71.68,54.03,77.66,67.79
GIII UW Equity,70.87,89.77,56.23,72.29
GILD UW Equity,74.92,93.03,95.74,87.9
GLBZ UR Equity,14.29,19.58,84.5,39.45
GLDD UW Equity,94.43,80.4,46.05,73.62
GLNG UW Equity,92.5,97.97,13.32,67.93
GLPG UW Equity,56.43,98.53,86.98,80.65
GLPI UW Equity,89.26,91.49,70.21,83.65
GLRE UW Equity,66.97,54.03,30.65,50.55
GLYC UQ Equity,1.82,30.98,34.45,22.42
GMAB UW Equity,88.04,83.84,74.52,82.13
GMBL UR Equity,2.94,12.01,27.76,14.24
GNCA UR Equity,2.33,30.98,71.73,35.01
GNLN UQ Equity,24.01,54.03,18.54,32.19
GNSS UR Equity,45.64,30.98,71.02,49.21
GNTX UW Equity,90.98,83.84,46.71,73.84
GNTY UW Equity,50.0,30.98,88.86,56.61
GNUS UR Equity,3.5,12.01,55.85,23.78
GO UW Equity,38.04,72.49,95.54,68.69
GOCO UW Equity,41.95,2.08,73.76,39.26
GOGL UW Equity,58.26,80.4,1.37,46.67
GOGO UW Equity,63.58,54.03,87.13,68.25
GOOD UW Equity,86.12,38.93,15.81,46.95
GOOG UW Equity,97.24,96.66,81.23,91.71
GOOGL UW Equity,97.24,96.66,81.23,91.71
GOSS UW Equity,11.04,54.03,78.72,47.93
GPRE UW Equity,55.98,24.21,83.43,54.54
GPRO UW Equity,55.12,89.77,74.01,72.97
GRFS UW Equity,97.47,98.33,13.68,69.82
GROW UR Equity,15.35,2.08,56.43,24.62
GRPN UW Equity,55.07,89.77,58.46,67.76
GRTS UW Equity,18.19,54.03,74.27,48.83
GRTX UQ Equity,11.04,54.03,10.18,25.08
GRUB UW Equity,29.94,97.16,91.19,72.76
GSBC UW Equity,34.19,30.98,81.56,48.91
GSHD UW Equity,76.29,54.03,10.59,46.97
GSIT UW Equity,58.87,30.98,73.91,54.58
GSKY UW Equity,25.43,54.03,2.18,27.21
GSM UR Equity,56.18,91.01,5.83,51.0
GT UW Equity,86.63,12.01,93.72,64.12
GTEC UR Equity,6.74,13.88,38.55,19.72
GTHX UW Equity,16.26,54.03,66.57,45.62
GTIM UR Equity,24.16,12.01,60.79,32.32
GTX UW Equity,67.48,12.01,48.53,42.67
GURE UW Equity,57.55,19.58,16.92,31.35
GVP UR Equity,61.45,68.54,54.31,61.43
GWGH UR Equity,30.95,17.15,9.27,19.12
GWRS UQ Equity,85.87,30.98,64.84,60.56
HA UW Equity,90.93,81.56,64.69,79.06
HAFC UW Equity,50.56,54.03,94.38,66.32
HAIN UW Equity,95.24,89.77,59.93,81.64
HALL UQ Equity,76.7,16.13,24.62,39.15
HALO UW Equity,35.76,75.58,52.38,54.58
HARP UW Equity,15.2,5.17,5.57,8.65
HAS UW Equity,96.81,96.45,93.16,95.47
HAYN UW Equity,89.01,15.02,57.9,53.98
HBAN UW Equity,77.56,2.08,97.97,59.2
HBCP UW Equity,28.47,38.93,86.68,51.36
HBIO UQ Equity,27.56,41.13,20.97,29.89
HBMD UR Equity,78.27,54.03,41.84,58.05
HBNC UW Equity,73.15,38.93,96.61,69.56
HBP UR Equity,44.17,71.43,66.87,60.82
HBT UW Equity,31.71,30.98,25.68,29.46
HCAT UW Equity,51.98,30.98,42.0,41.65
HCCI UW Equity,59.07,30.98,53.75,47.93
HCKT UW Equity,44.58,93.03,29.23,55.61
HCM UW Equity,74.11,54.03,0.15,42.76
HCSG UW Equity,40.07,90.55,67.43,66.02
HCTI UR Equity,58.21,5.17,21.07,28.15
HDSN UR Equity,91.08,19.58,43.67,51.44
HEAR UQ Equity,33.18,54.03,11.35,32.85
HEES UW Equity,56.38,69.2,86.37,70.65
HELE UW Equity,90.68,89.77,2.33,60.93
HEXO UR Equity,21.73,66.44,4.81,30.99
HFBL UR Equity,15.96,54.03,47.57,39.18
HFFG UR Equity,53.55,54.03,8.81,38.8
HFWA UW Equity,52.79,30.98,92.1,58.62
HGEN UR Equity,3.65,54.03,13.22,23.63
HGSH UR Equity,62.26,38.93,3.24,34.81
HHS UQ Equity,47.26,75.58,6.64,43.16
HIBB UW Equity,52.94,75.58,79.74,69.42
HIFS UQ Equity,52.68,0.46,52.28,35.14
HIVE UR Equity,23.86,8.59,57.45,29.96
HLIT UW Equity,83.89,78.67,61.25,74.6
HLNE UW Equity,79.28,63.8,1.87,48.32
HMHC UW Equity,56.84,75.58,89.82,74.08
HMST UW Equity,36.98,63.8,87.03,62.61
HMTV UQ Equity,64.94,43.29,28.37,45.53
HNNA UQ Equity,16.67,21.99,49.85,29.5
HNRG UR Equity,3.19,30.98,15.45,16.54
HOFT UW Equity,37.54,75.58,80.8,64.64
HOLI UW Equity,65.96,8.59,7.75,27.43
HOLX UW Equity,92.4,94.43,86.27,91.03
HON UW Equity,99.24,90.55,94.48,94.76
HONE UW Equity,34.5,30.98,98.63,54.7
HOOK UW Equity,14.54,41.13,38.04,31.24
HOPE UW Equity,39.21,30.98,64.03,44.74
HQY UW Equity,75.18,41.13,65.25,60.52
HROW UQ Equity,21.02,5.17,32.62,19.6
HRTX UR Equity,22.44,83.84,6.99,37.76
HRZN UW Equity,60.69,2.08,9.02,23.93
HSIC UW Equity,88.15,97.64,59.73,81.84
HSII UW Equity,41.08,93.03,30.45,54.85
HSKA UR Equity,31.26,66.44,79.23,58.98
HSON UW Equity,32.27,44.55,18.79,31.87
HST UW Equity,100.0,83.84,85.87,89.9
HSTM UW Equity,86.47,66.44,84.19,79.04
HSTO UR Equity,1.67,54.03,10.89,22.2
HTBI UW Equity,31.1,63.8,76.75,57.22
HTBK UW Equity,31.51,38.93,83.54,51.33
HTBX UR Equity,2.43,5.17,41.03,16.21
HTHT UW Equity,83.94,30.98,13.88,42.93
HTLD UW Equity,59.73,30.98,40.43,43.71
HTLF UW Equity,40.22,38.93,58.87,46.01
HTZ UW Equity,97.97,97.8,56.69,84.15
HUBG UW Equity,66.82,54.03,74.92,65.26
HURC UW Equity,63.88,54.03,51.93,56.61
HURN UW Equity,47.42,44.55,32.78,41.58
HWBK UW Equity,24.77,30.98,71.83,42.53
HWC UW Equity,55.57,63.8,92.15,70.51
HWKN UW Equity,70.21,71.35,50.66,64.07
HZNP UW Equity,42.45,30.98,71.63,48.35
IAC UW Equity,42.5,10.56,20.92,24.66
IART UW Equity,53.44,75.58,77.36,68.79
IBCP UW Equity,33.59,38.93,93.01,55.18
IBKR UW Equity,74.52,2.08,11.3,29.3
IBOC UW Equity,39.36,30.98,30.09,33.48
IBRX UW Equity,1.57,54.03,13.93,23.18
IBTX UW Equity,39.61,30.98,85.61,52.07
ICAD UR Equity,15.1,5.17,41.03,20.43
ICCM UR Equity,3.44,5.17,41.03,16.55
ICFI UW Equity,96.96,90.55,12.97,66.83
ICHR UW Equity,90.73,83.84,33.99,69.52
ICLR UW Equity,42.3,5.17,56.33,34.6
ICPT UW Equity,54.91,75.58,88.6,73.03
ICUI UW Equity,56.79,77.91,58.97,64.56
IDBA UR Equity,57.4,83.84,21.94,54.39
IDCC UW Equity,86.52,87.72,33.13,69.12
IDEX UR Equity,59.47,16.13,4.05,26.55
IDN UQ Equity,58.36,30.98,37.54,42.29
IDRA UR Equity,11.04,41.13,39.97,30.72
IDXX UW Equity,90.37,94.43,58.66,81.16
IEP UW Equity,45.54,13.88,5.22,21.55
IESC UQ Equity,77.1,13.88,38.15,43.04
IGAP UR Equity,8.79,5.17,41.03,18.33
IHRT UW Equity,68.84,10.13,7.29,28.76
III UQ Equity,35.26,30.98,59.17,41.8
IIIV UW Equity,73.0,8.59,22.29,34.63
IIN UQ Equity,61.85,66.44,27.86,52.05
IIVI UW Equity,88.75,68.54,77.0,78.1
ILMN UW Equity,70.42,99.01,79.89,83.11
ILPT UW Equity,80.6,63.8,46.1,63.5
IMBI UQ Equity,36.88,30.98,36.58,34.81
IMGN UW Equity,7.04,19.58,64.54,30.39
IMKTA UW Equity,47.62,12.01,10.99,23.54
IMMP UQ Equity,9.52,66.44,11.96,29.31
IMMR UW Equity,61.09,42.43,0.71,34.74
IMOS UW Equity,97.87,95.57,54.51,82.65
IMUX UW Equity,9.3,66.44,20.67,32.13
IMV UR Equity,1.06,5.17,37.01,14.41
IMXI UR Equity,26.19,79.03,56.59,53.93
INBK UW Equity,30.45,63.8,70.42,54.89
INCY UW Equity,54.1,54.03,90.58,66.24
INDB UW Equity,31.97,21.99,76.8,43.58
INDP UR Equity,9.3,5.17,41.03,18.5
INDT UQ Equity,62.61,2.08,28.72,31.14
INFI UW Equity,3.8,54.03,65.65,41.16
INFN UW Equity,97.37,99.85,68.95,88.72
INGN UW Equity,89.41,83.84,38.7,70.65
INO UW Equity,3.6,5.17,28.42,12.39
INOD UQ Equity,22.7,19.58,3.8,15.36
INSE UR Equity,25.68,12.01,44.68,27.46
INSG UW Equity,62.56,30.98,2.84,32.13
INSM UW Equity,7.8,54.03,88.35,50.06
INTA UW Equity,61.65,8.59,45.67,38.64
INTC UW Equity,87.54,99.7,74.87,87.37
INTG UR Equity,61.96,19.58,61.3,47.61
INTU UW Equity,95.9,87.72,80.75,88.12
INVA UW Equity,8.16,54.03,97.77,53.32
INVE UR Equity,79.33,75.58,14.64,56.52
IONS UW Equity,47.52,54.03,72.19,57.91
IOSP UW Equity,69.5,97.97,90.83,86.1
IOVA UQ Equity,9.3,30.98,16.51,18.93
IPAR UW Equity,28.62,30.98,17.93,25.84
IPGP UW Equity,93.57,93.03,47.62,78.07
IQ UW Equity,32.67,54.03,0.86,29.19
IRBT UW Equity,63.68,75.58,70.72,69.99
IRDM UW Equity,86.32,75.58,49.39,70.43
IRIX UQ Equity,43.67,75.58,33.38,50.88
IRMD UR Equity,6.38,19.58,3.85,9.94
IROQ UR Equity,25.03,2.08,58.41,28.5
IRTC UW Equity,7.95,86.47,38.5,44.31
IRWD UW Equity,8.05,66.44,70.77,48.42
ISBC UW Equity,32.47,30.98,89.51,50.99
ISEE UW Equity,9.3,41.13,8.11,19.51
ISRG UW Equity,89.11,77.91,67.68,78.23
ISSC UW Equity,5.42,19.58,11.8,12.27
ISTR UQ Equity,29.13,19.58,89.06,45.92
ITCI UW Equity,7.29,66.44,12.21,28.65
ITI UR Equity,62.01,75.58,31.0,56.2
ITIC UW Equity,64.13,54.03,7.6,41.92
ITOS UQ Equity,8.0,5.17,35.03,16.07
ITRI UW Equity,63.07,78.67,89.21,76.98
IVAC UW Equity,61.04,68.54,55.17,61.58
IZEA UR Equity,16.01,10.56,21.18,15.92
JACK UW Equity,28.98,12.01,67.38,36.12
JAKK UW Equity,54.51,79.58,63.22,65.77
JAMF UW Equity,62.72,8.59,45.67,38.99
JAN UR Equity,58.46,44.55,4.0,35.67
JAZZ UW Equity,8.41,66.44,93.31,56.05
JBHT UW Equity,69.66,83.84,86.73,80.07
JBLU UW Equity,94.58,90.55,71.33,85.49
JBSS UW Equity,46.35,70.74,8.41,41.84
JCS UQ Equity,57.65,68.54,39.26,55.15
JD UW Equity,84.5,89.77,2.94,59.07
JJSF UW Equity,28.52,45.49,10.94,28.32
JKHY UW Equity,78.93,8.59,75.33,54.28
JNCE UW Equity,6.23,30.98,48.33,28.51
JOBS UW Equity,17.93,19.58,2.13,13.21
JOUT UW Equity,28.72,70.74,95.8,65.09
JRVR UW Equity,76.44,38.93,62.01,59.13
JVA UR Equity,18.54,54.03,6.74,26.44
JYNT UR Equity,7.14,54.03,27.0,29.39
KALA UW Equity,5.93,30.98,31.41,22.77
KALU UW Equity,95.04,97.64,84.3,92.33
KALV UQ Equity,9.6,19.58,24.97,18.05
KBAL UW Equity,17.22,13.88,92.45,41.19
KDNY UW Equity,6.79,30.98,25.94,21.23
KDP UW Equity,90.48,91.69,30.9,71.02
KE UW Equity,84.85,83.84,72.85,80.51
KELYA UW Equity,45.16,83.84,88.22,72.41
KELYB UW Equity,45.16,83.84,88.22,72.41
KEQU UQ Equity,7.65,22.87,83.74,38.09
KFFB UQ Equity,19.81,16.13,23.71,19.88
KFRC UW Equity,46.56,13.88,54.26,38.23
KHC UW Equity,43.97,97.16,91.24,77.46
KIDS UQ Equity,7.35,5.17,42.5,18.34
KINS UR Equity,76.39,16.13,0.2,30.91
KIRK UW Equity,27.91,75.58,35.76,46.42
KLAC UW Equity,62.92,8.59,90.63,54.04
KLDO UW Equity,2.99,30.98,19.81,17.92
KLIC UW Equity,94.73,8.59,62.61,55.31
KNDI UW Equity,61.2,54.03,23.35,46.19
KNSA UW Equity,6.53,66.44,28.32,33.76
KOD UQ Equity,9.3,30.98,22.7,20.99
KOPN UR Equity,19.76,54.03,22.54,32.11
KOR UR Equity,6.03,15.02,52.18,24.41
KOSS UR Equity,54.41,43.95,40.53,46.29
KPTI UW Equity,7.85,54.03,55.37,39.08
KRNY UW Equity,31.21,19.58,95.59,48.79
KRON UW Equity,9.3,5.17,35.03,16.5
KRTX UQ Equity,6.48,30.98,15.96,17.81
KRYS UQ Equity,11.04,30.98,7.65,16.56
KSPN UR Equity,30.85,42.43,9.22,27.5
KTCC UQ Equity,81.91,68.54,83.99,78.15
KTOS UW Equity,37.28,23.99,83.33,48.2
KURA UW Equity,12.74,54.03,17.73,28.17
KVHI UW Equity,62.06,78.67,32.07,57.6
KZR UW Equity,11.04,30.98,23.76,21.93
LAKE UQ Equity,29.23,81.41,11.75,40.8
LAMR UW Equity,47.67,42.86,16.77,35.76
LANC UW Equity,53.04,73.25,43.87,56.72
LAND UQ Equity,80.45,38.93,7.35,42.24
LARK UQ Equity,22.54,30.98,72.24,41.92
LASR UW Equity,63.73,75.58,14.94,51.42
LAUR UW Equity,67.12,70.74,23.3,53.72
LAWS UW Equity,80.8,89.21,31.1,67.04
LBAI UW Equity,35.11,54.03,52.08,47.07
LBC UW Equity,73.1,38.93,94.58,68.87
LBRDA UW Equity,39.44,43.29,68.01,50.24
LBRDK UW Equity,39.44,43.29,68.01,50.24
LBTYA UW Equity,90.12,91.36,58.11,79.86
LBTYB UW Equity,90.12,91.36,58.11,79.86
LBTYK UW Equity,90.12,91.36,58.11,79.86
LCNB UR Equity,24.27,21.99,0.3,15.52
LCUT UW Equity,49.65,54.03,64.44,56.04
LE UR Equity,81.46,89.77,81.51,84.25
LECO UW Equity,73.81,97.8,99.19,90.27
LEE UW Equity,40.02,45.14,64.89,50.02
LEGH UW Equity,63.22,54.03,4.91,40.72
LESL UW Equity,40.32,12.01,55.85,36.06
LEVL UW Equity,27.66,30.98,96.3,51.65
LFUS UW Equity,98.89,98.58,69.45,88.97
LFVN UR Equity,54.66,97.16,14.08,55.3
LGIH UW Equity,77.2,54.03,82.32,71.18
LGND UQ Equity,52.23,77.91,51.77,60.64
LGO UW Equity,77.36,80.83,62.11,73.43
LHCG UW Equity,56.13,54.03,39.06,49.74
LILA UW Equity,55.5,91.82,23.18,56.83
LILAK UW Equity,55.5,91.82,23.18,56.83
LINC UW Equity,64.89,43.95,68.19,59.01
LIND UR Equity,75.94,43.95,50.25,56.71
LITE UW Equity,91.03,99.01,78.98,89.67
LIVE UR Equity,31.76,69.3,8.16,36.41
LIVN UW Equity,94.38,94.43,92.05,93.62
LIXT UR Equity,9.7,5.17,16.26,10.38
LJPC UR Equity,17.48,30.98,4.86,17.77
LKFN UW Equity,34.25,30.98,96.81,54.01
LKQ UW Equity,45.85,89.77,88.5,74.7
LLL UR Equity,13.37,12.01,57.65,27.68
LLNW UW Equity,64.39,68.54,52.68,61.87
LMAT UQ Equity,27.61,41.13,2.48,23.74
LMNL UQ Equity,48.38,54.03,33.74,45.38
LMNR UW Equity,20.47,12.01,28.82,20.43
LMST UR Equity,21.88,2.08,62.97,28.98
LNDC UW Equity,75.89,79.58,90.07,81.85
LNT UW Equity,85.76,88.5,71.48,81.91
LNTH UQ Equity,75.03,75.58,52.89,67.83
LOB UW Equity,38.65,30.98,33.18,34.27
LOCO UW Equity,50.46,54.03,44.93,49.81
LOGC UQ Equity,4.46,30.98,14.99,16.81
LOGI UW Equity,91.84,87.72,93.36,90.97
LOPE UW Equity,89.06,75.58,88.75,84.46
LOVE UQ Equity,51.87,79.58,76.6,69.35
LPCN UR Equity,14.24,30.98,2.38,15.86
LPLA UW Equity,93.16,85.99,84.45,87.87
LPSN UW Equity,76.8,54.03,27.36,52.73
LQDA UR Equity,13.73,54.03,64.18,43.98
LQDT UW Equity,33.89,12.01,62.87,36.25
LRCX UW Equity,69.2,8.59,74.06,50.62
LRMR UQ Equity,11.04,54.03,16.06,27.04
LSBK UQ Equity,16.41,30.98,53.5,33.63
LSCC UW Equity,63.32,78.67,63.12,68.37
LSTR UW Equity,93.26,72.04,95.04,86.78
LSXMA UW Equity,71.48,69.88,77.1,72.82
LSXMB UW Equity,71.48,69.88,77.1,72.82
LSXMK UW Equity,71.48,69.88,77.1,72.82
LTBR UR Equity,6.13,44.91,14.13,21.72
LTRPA UW Equity,38.35,69.88,43.54,50.59
LTRPB UW Equity,38.35,69.88,43.54,50.59
LTRX UR Equity,60.84,54.03,42.3,52.39
LULU UW Equity,92.81,93.03,92.4,92.75
LUMO UQ Equity,0.51,54.03,71.18,41.9
LVO UR Equity,19.86,19.58,21.78,20.41
LWAY UQ Equity,17.33,73.4,62.06,50.93
LWLG UR Equity,27.25,23.35,3.95,18.19
LXRX UW Equity,0.76,54.03,54.2,36.33
LYFT UW Equity,82.78,75.58,75.73,78.03
LYTS UW Equity,79.94,72.04,42.76,64.91
LZ UW Equity,39.06,13.88,48.28,33.74
MACK UQ Equity,11.04,66.44,10.03,29.17
MANH UW Equity,67.88,95.57,24.87,62.77
MANT UW Equity,82.37,80.4,18.69,60.49
MAR UW Equity,89.67,91.19,47.06,75.97
MASI UW Equity,44.98,86.47,63.32,64.93
MAT UW Equity,93.62,97.16,89.46,93.41
MATW UW Equity,46.0,13.88,69.91,43.26
MAXN UW Equity,66.87,8.59,61.2,45.55
MAYS UR Equity,59.22,73.15,11.09,47.82
MBCN UR Equity,49.29,30.98,81.86,54.04
MBII UR Equity,53.75,54.03,80.6,62.79
MBIN UR Equity,53.14,30.98,55.52,46.55
MBIO UQ Equity,11.04,19.58,0.56,10.39
MBUU UQ Equity,84.14,30.98,27.61,47.58
MBWM UW Equity,52.13,63.8,71.99,62.64
MCBC UW Equity,24.92,19.58,70.16,38.22
MCBS UW Equity,29.84,16.13,76.9,40.96
MCFE UW Equity,62.87,8.59,45.67,39.04
MCFT UQ Equity,84.4,70.74,63.27,72.8
MCHP UW Equity,89.87,8.59,61.7,53.39
MCHX UW Equity,20.67,0.46,8.26,9.79
MCRB UW Equity,26.34,54.03,39.31,39.89
MCRI UW Equity,50.41,43.95,4.51,32.95
MDB UQ Equity,67.02,30.98,27.81,41.94
MDGL UW Equity,12.74,66.44,16.16,31.78
MDLZ UW Equity,98.68,96.86,98.23,97.92
MDRX UW Equity,48.07,83.84,54.96,62.29
MDXG UR Equity,30.8,54.03,45.24,43.36
MEDP UW Equity,47.97,83.84,32.98,54.93
MEIP UR Equity,15.45,54.03,24.01,31.16
MELI UW Equity,77.81,79.58,33.79,63.73
MEOH UW Equity,99.44,97.97,98.48,98.63
MERC UW Equity,94.33,91.01,43.77,76.37
MESA UW Equity,2.89,81.36,12.87,32.37
MESO UW Equity,5.12,54.03,53.8,37.65
METC UW Equity,78.57,72.67,53.39,68.21
MFIN UW Equity,50.15,63.8,70.97,61.64
MGEE UW Equity,94.83,73.66,65.45,77.98
MGI UW Equity,75.63,78.67,72.64,75.65
MGNI UW Equity,37.44,69.88,84.9,64.07
MGNX UW Equity,22.24,54.03,28.93,35.06
MGPI UW Equity,71.02,73.71,93.92,79.55
MGRC UW Equity,77.91,54.03,90.93,74.29
MGTA UQ Equity,11.04,41.13,89.11,47.1
MGTX UW Equity,17.17,54.03,59.63,43.61
MHLD UR Equity,25.89,93.03,41.95,53.62
MIDD UW Equity,69.35,88.68,63.83,73.95
MIND UW Equity,48.83,54.03,9.12,37.33
MIRM UQ Equity,14.69,30.98,44.33,30.0
MITK UR Equity,74.97,83.84,54.1,70.97
MKSI UW Equity,92.6,87.72,55.02,78.44
MKTX UW Equity,80.4,83.84,77.51,80.58
MLAB UW Equity,88.6,66.44,23.4,59.48
MLCO UW Equity,94.28,54.03,7.85,52.05
MLKN UW Equity,74.47,13.88,95.14,61.16
MLVF UQ Equity,19.15,38.93,92.25,50.11
MMSI UW Equity,97.11,94.43,85.56,92.37
MNDT UW Equity,84.3,95.57,78.82,86.23
MNKD UQ Equity,22.14,54.03,89.36,55.18
MNOV UQ Equity,4.05,66.44,7.95,26.15
MNRO UW Equity,79.99,54.03,63.37,65.8
MNST UW Equity,78.42,97.16,54.86,76.82
MNTV UW Equity,67.07,54.03,60.03,60.38
MNTX UR Equity,27.0,23.56,39.11,29.89
MODV UW Equity,67.93,71.35,75.58,71.62
MOFG UW Equity,33.69,38.93,95.85,56.16
MOMO UW Equity,51.77,54.03,4.56,36.79
MOR UW Equity,30.4,5.17,49.29,28.28
MORF UQ Equity,14.89,30.98,44.83,30.23
MORN UW Equity,85.11,93.03,60.99,79.71
MPAA UW Equity,54.81,81.46,65.6,67.29
MPB UQ Equity,30.14,30.98,95.95,52.36
MPWR UW Equity,89.56,83.84,57.95,77.12
MRCY UW Equity,37.89,83.84,89.41,70.38
MRKR UQ Equity,1.87,19.58,11.65,11.04
MRLN UW Equity,63.42,30.98,17.12,37.17
MRNA UW Equity,81.05,54.03,64.99,66.69
MRNS UQ Equity,14.08,54.03,12.31,26.81
MRSN UW Equity,0.05,30.98,60.23,30.42
MRTN UW Equity,76.09,13.88,72.34,54.1
MRTX UW Equity,21.68,5.17,18.49,15.11
MRVL UW Equity,99.09,87.72,82.42,89.74
MSBI UW Equity,35.87,30.98,72.95,46.6
MSEX UW Equity,84.09,83.84,91.54,86.49
MSFT UW Equity,99.8,8.59,83.08,63.82
MSTR UW Equity,67.33,68.54,25.33,53.73
MTBC UQ Equity,30.55,5.17,41.03,25.58
MTCH UW Equity,42.2,43.29,23.45,36.31
MTEM UW Equity,17.38,30.98,17.27,21.88
MTRX UW Equity,49.49,72.04,56.13,59.22
MTSI UW Equity,95.34,95.57,73.66,88.19
MU UW Equity,86.42,8.59,91.13,62.05
MVBF UR Equity,30.19,38.93,73.51,47.54
MVIS UQ Equity,2.74,54.03,41.74,32.84
MXL UW Equity,64.69,87.72,81.36,77.92
MYGN UW Equity,39.16,54.03,63.42,52.2
MYRG UW Equity,94.93,13.88,52.48,53.77
NAII UQ Equity,19.71,30.98,20.62,23.77
NATH UW Equity,15.91,70.74,25.89,37.51
NATI UW Equity,69.0,87.72,33.54,63.42
NATR UR Equity,25.58,79.58,71.78,58.98
NAVI UW Equity,79.03,54.03,94.43,75.83
NBEV UR Equity,49.39,43.95,16.31,36.55
NBIX UW Equity,48.02,66.44,87.34,67.27
NBN UQ Equity,24.67,19.58,34.4,26.22
NBSE UR Equity,12.74,30.98,7.8,17.17
NBTB UW Equity,46.66,54.03,97.92,66.2
NCBS UR Equity,34.14,2.08,68.44,34.89
NCMI UW Equity,26.95,54.03,21.83,34.27
NCSM UR Equity,53.85,54.03,47.82,51.9
NDAQ UW Equity,95.49,86.83,89.61,90.65
NDLS UW Equity,27.51,54.03,85.71,55.75
NDSN UW Equity,60.59,13.88,97.01,57.16
NECB UR Equity,24.06,2.08,78.42,34.85
NEGG UR Equity,0.1,54.03,38.75,30.96
NEO UR Equity,71.94,41.13,60.33,57.8
NEOG UW Equity,78.62,54.03,53.29,61.98
NEON UR Equity,6.59,16.13,33.03,18.58
NEPH UR Equity,5.17,12.01,57.52,24.9
NEPT UR Equity,17.53,12.01,57.52,29.02
NERV UQ Equity,9.3,19.58,58.81,29.23
NESR UR Equity,92.35,93.03,8.31,64.56
NEWT UQ Equity,32.83,63.8,29.79,42.14
NEXT UR Equity,46.5,83.84,46.96,59.1
NFBK UW Equity,30.7,54.03,94.22,59.65
NFLX UW Equity,78.47,69.88,29.84,59.4
NGM UW Equity,7.24,86.47,10.44,34.72
NH UW Equity,7.19,54.03,5.02,22.08
NHTC UR Equity,18.29,43.95,15.25,25.83
NICE UW Equity,93.97,93.03,70.92,85.98
NICK UW Equity,63.02,30.98,10.28,34.76
NKLA UW Equity,17.98,13.88,50.53,27.47
NKSH UR Equity,27.1,21.99,96.0,48.36
NKTR UW Equity,7.4,30.98,59.22,32.53
NLOK UW Equity,97.42,8.59,66.21,57.4
NMFC UW Equity,50.05,21.99,23.96,32.0
NMIH UQ Equity,64.54,63.8,67.73,65.36
NMRK UW Equity,88.65,38.93,16.11,47.9
NNBR UW Equity,60.33,80.4,88.65,76.46
NODK UR Equity,64.44,30.98,75.79,57.07
NOVT UW Equity,97.01,99.42,49.9,82.11
NRC UW Equity,7.6,54.03,16.21,25.95
NRIM UW Equity,29.74,16.13,93.26,46.38
NSIT UW Equity,71.12,68.54,87.49,75.72
NSSC UW Equity,61.9,23.35,14.03,33.1
NSTG UQ Equity,7.75,54.03,63.48,41.75
NTAP UW Equity,96.71,93.03,61.4,83.71
NTCT UW Equity,93.21,87.72,44.12,75.02
NTES UW Equity,88.5,83.84,33.94,68.76
NTGR UW Equity,95.54,83.84,96.35,91.91
NTIC UQ Equity,56.08,19.58,58.26,44.64
NTLA UQ Equity,71.88,41.13,52.84,55.29
NTNX UW Equity,86.22,8.59,46.76,47.19
NTRA UW Equity,54.36,30.98,67.93,51.09
NTRS UW Equity,75.13,2.08,95.24,57.48
NTUS UW Equity,7.9,77.91,21.02,35.61
NTWK UR Equity,61.35,30.98,3.29,31.87
NUAN UW Equity,86.17,8.59,5.47,33.41
NUVA UW Equity,8.31,83.84,26.14,39.43
NVAX UW Equity,8.36,79.28,41.54,43.06
NVCN UR Equity,4.31,5.17,41.03,16.84
NVCR UW Equity,88.25,86.47,33.84,69.52
NVDA UW Equity,99.65,96.33,97.52,97.83
NVEC UR Equity,60.23,19.58,10.23,30.02
NVEE UR Equity,70.01,72.04,5.98,49.34
NVFY UR Equity,6.28,12.01,12.92,10.4
NVIV UR Equity,9.6,30.98,30.7,23.76
NWBI UW Equity,32.12,54.03,96.2,60.78
NWE UW Equity,85.31,15.02,92.35,64.23
NWFL UQ Equity,28.42,16.13,92.91,45.82
NWL UW Equity,91.44,99.62,48.02,79.69
NWLI UW Equity,32.42,19.58,20.01,24.0
NWPX UW Equity,59.02,69.48,27.91,52.14
NWS UW Equity,91.62,81.23,35.59,69.48
NWSA UW Equity,91.62,81.23,35.59,69.48
NXGN UW Equity,46.71,54.03,57.75,52.83
NXPI UW Equity,97.32,99.01,62.26,86.2
NXST UW Equity,64.74,71.53,53.19,63.15
NXTD UR Equity,3.85,8.59,50.96,21.13
NYMT UW Equity,31.31,63.8,76.55,57.22
NYMX UR Equity,9.07,66.44,0.51,25.34
OAS UW Equity,45.04,83.84,28.47,52.45
OB UW Equity,63.53,10.56,6.13,26.74
OBCI UR Equity,19.3,12.01,60.79,30.7
OBLG UR Equity,58.71,54.03,7.9,40.21
OBNK UW Equity,31.41,30.98,56.84,39.74
OCC UQ Equity,61.3,75.58,74.42,70.43
OCFC UW Equity,50.1,38.93,76.65,55.23
OCUL UQ Equity,6.69,54.03,37.99,32.9
OCUP UR Equity,2.08,19.58,32.88,18.18
OCX UQ Equity,5.47,41.13,67.33,37.98
ODFL UW Equity,90.02,83.84,83.28,85.71
ODP UW Equity,75.73,12.01,98.33,62.02
ODT UW Equity,8.79,30.98,2.28,14.02
OEG UR Equity,81.56,44.55,6.69,44.27
OESX UR Equity,59.52,30.98,20.72,37.07
OFED UR Equity,22.34,0.46,48.94,23.91
OFIX UW Equity,71.99,73.05,43.26,62.77
OFLX UQ Equity,59.57,30.98,25.73,38.76
OGI UW Equity,7.09,66.44,5.07,26.2
OKTA UW Equity,92.25,68.54,26.19,62.33
OLED UW Equity,96.4,83.84,82.02,87.42
OLLI UQ Equity,52.74,54.03,43.11,49.96
OLMA UW Equity,8.79,5.17,35.03,16.33
OMAB UW Equity,95.29,96.4,7.14,66.28
OMCL UW Equity,88.45,94.43,27.96,70.28
OMER UQ Equity,9.3,30.98,24.42,21.56
OMEX UR Equity,0.2,23.99,56.18,26.79
ON UW Equity,99.9,99.19,76.44,91.84
ONB UW Equity,75.08,54.03,93.67,74.26
ONCT UR Equity,4.2,54.03,1.82,20.02
ONTX UR Equity,0.46,5.17,24.52,10.05
ONVO UR Equity,43.72,30.98,5.67,26.79
OPBK UQ Equity,24.62,38.93,83.69,49.08
OPCH UW Equity,43.36,41.13,63.58,49.36
OPEN UW Equity,43.31,2.08,73.76,39.72
OPI UW Equity,77.3,63.8,61.6,67.57
OPK UW Equity,39.82,54.03,17.17,37.01
OPOF UR Equity,49.19,38.93,80.14,56.09
OPRX UR Equity,15.7,54.03,13.27,27.67
OPTN UW Equity,21.18,54.03,26.44,33.88
ORGO UR Equity,35.92,30.98,31.86,32.92
ORLY UW Equity,74.72,62.61,84.7,74.01
ORMP UR Equity,3.04,5.17,37.01,15.07
ORRF UR Equity,28.37,2.08,86.32,38.92
OSBC UW Equity,30.04,63.8,88.55,60.8
OSIS UW Equity,67.78,87.72,66.11,73.87
OSMT UW Equity,5.67,62.56,26.65,31.63
OSPN UR Equity,83.74,68.54,45.14,65.81
OSTK UQ Equity,41.64,54.03,78.57,58.08
OSUR UW Equity,72.95,54.03,86.02,71.0
OSW UR Equity,25.28,43.95,37.23,35.49
OTEX UW Equity,98.43,93.03,94.88,95.45
OTIC UW Equity,0.3,54.03,21.99,25.44
OTRK UQ Equity,25.48,54.03,8.56,29.36
OTTR UW Equity,58.81,81.1,92.2,77.37
OVBC UQ Equity,21.23,38.93,39.56,33.24
OVLY UR Equity,21.38,19.58,99.75,46.9
OZK UW Equity,41.54,54.03,92.86,62.81
PAA UW Equity,93.06,96.25,27.51,72.27
PAAS UW Equity,96.2,96.33,35.87,76.13
PACB UW Equity,63.48,54.03,29.03,48.84
PACW UW Equity,51.27,30.98,96.5,59.58
PAGP UW Equity,87.84,88.55,64.94,80.45
PAHC UQ Equity,70.67,92.0,0.66,54.44
PALI UR Equity,11.04,22.87,23.91,19.28
PALT UR Equity,13.58,69.88,8.46,30.64
PANL UR Equity,4.15,13.88,69.25,29.09
PANW UW Equity,96.5,95.57,41.79,77.96
PATK UW Equity,42.55,70.74,65.15,59.48
PAYS UR Equity,43.77,54.03,4.1,33.97
PAYX UW Equity,89.82,75.58,64.13,76.51
PBCT UW Equity,46.76,63.8,77.56,62.71
PBFS UR Equity,22.04,0.46,78.62,33.7
PBIP UQ Equity,18.9,30.98,9.83,19.9
PBPB UW Equity,44.02,54.03,77.91,58.65
PBYI UW Equity,32.52,66.44,51.47,50.14
PCAR UW Equity,94.98,80.4,84.75,86.71
PCB UW Equity,52.63,30.98,28.52,37.38
PCH UW Equity,73.91,81.03,90.37,81.77
PCOM UR Equity,31.16,12.01,55.85,33.0
PCRX UW Equity,50.81,54.03,75.89,60.24
PCSB UR Equity,22.09,38.93,83.84,48.29
PCTI UW Equity,56.74,68.54,63.53,62.93
PCTY UW Equity,73.35,23.35,36.73,44.48
PCYG UR Equity,59.68,30.98,3.09,31.25
PCYO UR Equity,94.02,83.84,17.43,65.1
PDCE UW Equity,84.45,54.03,85.92,74.8
PDCO UW Equity,74.77,5.17,77.46,52.47
PDD UW Equity,43.47,70.74,1.52,38.58
PDFS UW Equity,89.46,75.58,42.81,69.28
PDLB UQ Equity,26.7,19.58,67.27,37.85
PDSB UR Equity,11.04,30.98,18.9,20.31
PEBK UQ Equity,23.66,54.03,79.13,52.27
PEBO UW Equity,50.51,38.93,99.24,62.89
PEGA UW Equity,88.4,95.57,25.84,69.93
PENN UW Equity,78.77,45.09,22.44,48.77
PEP UW Equity,75.23,99.24,94.83,89.77
PESI UR Equity,56.33,23.99,80.7,53.67
PETQ UW Equity,38.25,66.44,24.67,43.12
PETS UW Equity,73.2,54.03,65.3,64.18
PFBC UW Equity,34.04,54.03,89.92,59.33
PFC UW Equity,36.27,30.98,75.03,47.42
PFG UW Equity,98.07,93.03,96.45,95.85
PFIE UR Equity,13.48,24.21,1.77,13.15
PFIS UW Equity,27.96,38.93,77.81,48.24
PFMT UW Equity,21.83,13.88,21.33,19.01
PFSW UR Equity,54.2,54.03,69.0,59.08
PFX UQ Equity,15.4,21.99,69.55,35.65
PGC UW Equity,34.09,38.93,82.98,52.0
PGEN UW Equity,24.57,54.03,37.59,38.73
PGNY UW Equity,73.05,66.44,55.57,65.02
PHAR UQ Equity,30.75,5.17,41.03,25.65
PHAS UQ Equity,8.26,30.98,20.47,19.9
PHAT UW Equity,11.04,54.03,15.15,26.74
PI UW Equity,61.4,54.03,36.78,50.73
PINC UW Equity,78.37,75.58,70.87,74.94
PIRS UR Equity,16.21,54.03,30.5,33.58
PKBK UR Equity,25.79,21.99,94.02,47.26
PKOH UW Equity,71.58,79.94,87.44,79.65
PLAB UW Equity,81.86,54.03,46.4,60.76
PLAY UW Equity,35.21,54.03,67.12,52.12
PLCE UW Equity,79.74,83.84,91.44,85.01
PLL UR Equity,6.18,15.02,8.97,10.06
PLMR UW Equity,88.8,77.53,46.3,70.88
PLPC UW Equity,65.4,72.04,65.91,67.78
PLSE UR Equity,2.18,66.44,15.1,27.9
PLUG UR Equity,65.2,80.4,65.86,70.48
PLUS UW Equity,55.32,83.84,56.74,65.3
PLXS UW Equity,93.01,79.89,74.32,82.4
PLYA UW Equity,49.7,73.53,50.0,57.74
PMD UR Equity,14.99,30.98,31.46,25.81
PMTS UQ Equity,50.96,30.98,25.18,35.71
PNBK UQ Equity,18.24,19.58,10.13,15.98
PNFP UW Equity,42.1,54.03,33.59,43.24
PNRG UR Equity,48.48,72.67,15.05,45.4
PNTG UW Equity,51.82,30.98,47.16,43.32
PODD UW Equity,91.24,86.47,93.87,90.53
POOL UW Equity,42.76,89.77,34.04,55.52
POWI UW Equity,82.42,78.67,72.44,77.85
POWL UW Equity,80.7,93.03,72.7,82.14
PPBI UW Equity,80.24,63.8,96.86,80.3
PPC UW Equity,40.78,91.89,16.72,49.8
PPIH UQ Equity,18.03,13.88,24.57,18.83
PPSI UR Equity,58.16,13.88,11.6,27.88
PPTA UR Equity,44.48,80.83,50.35,58.55
PRAA UW Equity,36.17,63.8,74.57,58.18
PRAX UW Equity,11.04,5.17,35.03,17.08
PRDO UW Equity,75.58,70.74,87.18,77.84
PRFT UW Equity,67.58,54.03,22.19,47.93
PRGS UW Equity,84.35,95.57,69.4,83.11
PRIM UW Equity,89.97,72.04,42.2,68.07
PRLD UW Equity,8.79,5.17,35.03,16.33
PROV UW Equity,18.69,19.58,75.63,37.97
PRPL UW Equity,73.4,19.58,79.18,57.39
PRPO UR Equity,5.83,5.17,5.52,5.5
PRSO UR Equity,57.9,68.54,3.04,43.16
PRTA UW Equity,28.82,66.44,52.63,49.3
PRTH UR Equity,38.86,54.03,15.4,36.09
PRTK UQ Equity,25.63,54.03,38.96,39.54
PRTS UW Equity,38.45,54.03,56.53,49.67
PSMT UW Equity,41.34,91.13,70.67,67.71
PSNL UQ Equity,20.57,30.98,16.87,22.8
PSTV UR Equity,11.04,54.03,12.36,25.81
PTC UW Equity,92.65,99.42,64.29,85.45
PTCT UW Equity,48.13,83.84,53.85,61.94
PTE UR Equity,6.43,54.03,38.8,33.09
PTEN UW Equity,82.67,83.84,85.41,83.98
PTGX UQ Equity,15.65,30.98,26.9,24.51
PTNR UW Equity,82.27,10.56,24.32,39.05
PTON UW Equity,77.86,70.74,17.02,55.21
PTSI UQ Equity,76.04,19.58,12.01,35.87
PVBC UR Equity,23.35,0.46,94.73,39.51
PWFL UQ Equity,61.6,42.43,20.11,41.38
PWOD UW Equity,23.4,38.93,86.78,49.7
PXLW UQ Equity,86.07,68.54,35.66,63.42
PYPL UW Equity,97.16,93.03,83.49,91.23
PZZA UW Equity,73.96,79.58,60.13,71.23
QCOM UW Equity,98.48,99.01,86.83,94.77
QCRH UQ Equity,50.71,63.8,46.66,53.72
QDEL UW Equity,79.38,30.98,99.39,69.92
QIWI UW Equity,52.84,68.54,9.52,43.63
QLYS UW Equity,65.75,68.54,43.72,59.34
QMCO UQ Equity,91.39,95.57,14.84,67.27
QNST UW Equity,56.59,75.58,59.78,63.98
QRTEA UW Equity,81.28,86.9,30.37,66.19
QRTEB UW Equity,81.28,86.9,30.37,66.19
QRVO UW Equity,98.73,95.57,61.75,85.35
QTNT UQ Equity,19.25,54.03,39.61,37.63
QTRX UQ Equity,27.05,54.03,31.76,37.61
QUIK UR Equity,58.05,30.98,26.8,38.61
QUMU UR Equity,60.39,54.03,47.26,53.89
QURE UW Equity,36.63,41.13,23.05,33.6
RAIL UW Equity,63.27,72.04,46.15,60.49
RAPT UQ Equity,3.9,41.13,25.63,23.56
RARE UW Equity,34.4,54.03,87.08,58.5
RBB UW Equity,31.81,30.98,99.04,53.94
RBBN UW Equity,70.26,78.67,22.09,57.01
RBCAA UW Equity,36.73,54.03,87.28,59.35
RBCN UR Equity,57.8,8.59,41.89,36.09
RCEL UR Equity,14.44,54.03,74.16,47.54
RCII UW Equity,55.42,97.16,91.64,81.41
RCKT UQ Equity,11.04,54.03,13.12,26.06
RCKY UW Equity,54.96,89.77,89.97,78.23
RCM UW Equity,78.32,54.03,22.8,51.71
RCMT UQ Equity,63.83,30.98,38.35,44.39
RCON UR Equity,4.76,0.46,20.31,8.51
RDFN UW Equity,68.64,21.99,66.82,52.48
RDI UR Equity,61.78,54.03,54.38,56.73
RDIB UR Equity,61.78,54.03,54.38,56.73
RDNT UQ Equity,38.55,22.87,10.08,23.83
RDUS UQ Equity,31.66,86.47,27.41,48.51
RDVT UR Equity,60.64,30.98,17.98,36.53
REAL UW Equity,96.91,83.84,64.24,81.66
REED UR Equity,48.89,19.58,14.44,27.63
REFR UR Equity,57.35,42.43,23.1,40.96
REG UW Equity,75.33,2.08,50.3,42.57
REGI UW Equity,98.94,54.03,79.08,77.35
REGN UW Equity,96.86,83.84,49.14,76.61
RELL UW Equity,61.14,54.03,69.2,61.46
RENT UW Equity,19.66,12.01,71.68,34.45
REPH UR Equity,6.94,30.98,9.17,15.7
REPL UW Equity,11.04,5.17,41.03,19.08
RETA UQ Equity,13.32,30.98,39.01,27.77
REYN UW Equity,42.0,12.01,55.85,36.62
RFIL UQ Equity,60.74,68.54,79.03,69.44
RGC UR Equity,11.04,5.17,4.41,6.87
RGCO UQ Equity,85.82,45.19,25.28,52.09
RGEN UW Equity,95.64,88.8,53.44,79.3
RGLD UW Equity,70.52,54.03,61.8,62.12
RGLS UR Equity,11.04,30.98,74.37,38.8
RGNX UW Equity,36.02,83.84,18.19,46.01
RGP UW Equity,39.51,54.03,76.39,56.64
RICK UQ Equity,26.09,0.46,77.3,34.62
RIGL UW Equity,27.41,30.98,59.47,39.29
RILY UQ Equity,42.4,38.93,22.49,34.61
RMBI UR Equity,20.87,16.13,79.99,39.0
RMBS UW Equity,62.36,54.03,65.55,60.65
RMCF UQ Equity,13.53,19.58,84.55,39.22
RMNI UQ Equity,82.22,87.72,13.48,61.14
RMR UR Equity,64.24,2.08,43.92,36.74
RMTI UR Equity,20.26,30.98,19.35,23.53
RNST UW Equity,75.68,63.8,96.66,78.71
RNWK UW Equity,53.39,54.03,44.73,50.72
ROAD UW Equity,64.79,19.58,0.81,28.39
ROCC UW Equity,13.83,72.67,64.59,50.36
ROCK UW Equity,88.7,90.55,64.64,81.3
ROIC UW Equity,87.64,93.92,83.23,88.26
ROKU UW Equity,51.32,43.29,20.36,38.32
ROLL UW Equity,82.17,72.04,49.75,67.98
ROST UW Equity,85.06,83.84,66.51,78.47
RPD UQ Equity,56.48,30.98,40.48,42.65
RPRX UW Equity,41.69,5.17,19.91,22.26
RRBI UW Equity,26.75,30.98,92.71,50.14
RRGB UW Equity,73.45,54.03,95.34,74.27
RRR UW Equity,55.27,83.84,22.75,53.95
RSLS UR Equity,2.68,30.98,29.08,20.91
RSSS UR Equity,16.46,8.59,45.67,23.57
RUBY UW Equity,11.04,30.98,37.79,26.6
RUN UW Equity,92.2,83.84,14.29,63.44
RUSHA UW Equity,98.35,90.55,66.34,85.08
RUSHB UW Equity,98.35,90.55,66.34,85.08
RUTH UW Equity,33.94,54.03,98.02,62.0
RVNC UQ Equity,80.09,54.03,54.0,62.71
RVSB UW Equity,22.29,30.98,69.96,41.08
RXDX UW Equity,3.09,5.17,15.3,7.85
RYAAY UW Equity,90.88,90.55,75.84,85.76
RYTM UQ Equity,71.73,66.44,15.35,51.17
SABR UW Equity,74.32,8.59,68.84,50.58
SAFM UW Equity,52.99,80.09,99.85,77.64
SAFT UW Equity,77.05,16.13,89.67,60.95
SAGE UQ Equity,4.96,54.03,20.26,26.42
SAIA UW Equity,82.07,83.84,69.3,78.4
SAL UR Equity,21.43,19.58,99.7,46.9
SALM UQ Equity,76.6,0.46,13.58,30.21
SAMG UQ Equity,28.67,30.98,2.23,20.63
SANG UW Equity,62.77,8.59,50.96,40.77
SANM UW Equity,84.19,68.54,88.8,80.51
SANW UR Equity,16.72,12.01,29.69,19.47
SASR UW Equity,82.88,38.93,95.49,72.43
SATS UW Equity,67.38,10.56,16.67,31.53
SAVA UR Equity,11.04,19.58,5.72,12.12
SBAC UW Equity,43.57,97.52,74.72,71.94
SBCF UW Equity,78.67,54.03,67.88,66.86
SBFG UR Equity,23.76,2.08,92.6,39.48
SBGI UW Equity,69.76,45.24,6.23,40.41
SBNY UW Equity,42.86,2.08,78.47,41.13
SBRA UW Equity,65.7,19.58,71.94,52.41
SBSI UW Equity,50.66,0.46,99.8,50.3
SBT UR Equity,28.27,54.03,95.29,59.19
SBTX UQ Equity,8.79,5.17,35.03,16.33
SBUX UW Equity,75.28,12.01,68.29,51.86
SCHL UW Equity,41.49,69.88,47.11,52.83
SCHN UW Equity,81.41,91.36,90.68,87.82
SCOR UW Equity,35.46,54.03,29.89,39.79
SCSC UW Equity,55.37,87.72,80.34,74.48
SCVL UW Equity,73.86,54.03,21.38,49.76
SCWX UW Equity,66.62,83.84,8.05,52.84
SDGR UW Equity,30.29,5.17,35.03,23.5
SEAC UW Equity,59.88,54.03,11.45,41.78
SEDG UW Equity,95.74,83.84,37.64,72.41
SEED UR Equity,57.5,12.01,58.76,42.76
SEEL UR Equity,11.04,19.58,0.25,10.29
SEIC UW Equity,52.43,54.03,13.98,40.15
SELB UQ Equity,22.95,54.03,63.68,46.88
SENEA UW Equity,53.22,45.36,52.56,50.38
SENEB UW Equity,53.22,45.36,52.56,50.38
SFBC UR Equity,19.0,2.08,73.1,31.39
SFIX UW Equity,70.82,83.84,67.07,73.91
SFM UW Equity,45.49,83.84,19.66,49.66
SFNC UW Equity,40.53,30.98,98.99,56.83
SFST UQ Equity,45.39,16.13,63.07,41.53
SGA UQ Equity,62.97,30.98,49.8,47.91
SGBX UR Equity,6.64,13.88,57.07,25.86
SGC UQ Equity,70.72,89.77,16.97,59.15
SGEN UW Equity,70.97,66.44,79.79,72.4
SGH UW Equity,69.3,8.59,2.53,26.81
SGLY UR Equity,3.24,13.88,57.07,24.73
SGMA UR Equity,82.12,8.59,37.84,42.85
SGMO UW Equity,25.33,30.98,31.97,29.42
SGMS UW Equity,41.24,70.74,12.77,41.58
SGRP UR Equity,33.84,10.56,37.28,27.23
SGRY UW Equity,40.93,54.03,28.67,41.21
SHBI UW Equity,25.13,19.58,83.79,42.83
SHC UW Equity,37.18,5.17,35.03,25.79
SHEN UW Equity,57.09,43.29,69.1,56.49
SHOO UW Equity,90.83,93.03,79.33,87.73
SHYF UW Equity,83.64,83.84,69.86,79.11
SIBN UQ Equity,23.3,77.91,28.62,43.28
SIEB UR Equity,21.58,16.13,36.17,24.63
SIEN UW Equity,18.44,30.98,3.7,17.71
SIGA UQ Equity,25.73,54.03,55.42,45.06
SIGI UW Equity,93.41,63.8,85.11,80.78
SILC UW Equity,81.71,19.58,2.08,34.46
SILK UW Equity,20.16,66.44,26.39,37.66
SIMO UW Equity,71.38,19.58,58.92,49.96
SIOX UW Equity,11.04,30.98,13.17,18.4
SIRI UW Equity,78.52,43.29,47.77,56.53
SIVB UW Equity,74.67,2.08,98.43,58.39
SKYW UW Equity,72.04,81.76,86.88,80.23
SLAB UW Equity,69.25,8.59,55.07,44.3
SLDB UW Equity,13.93,22.87,55.62,30.81
SLGN UW Equity,84.9,17.65,87.74,63.43
SLM UW Equity,52.18,54.03,93.62,66.61
SLNG UR Equity,52.48,30.98,3.5,28.99
SLNH UR Equity,58.56,68.54,18.34,48.48
SLP UW Equity,20.42,5.17,16.01,13.86
SLRX UR Equity,2.48,30.98,15.86,16.44
SLS UR Equity,5.72,41.13,22.85,23.24
SMBC UQ Equity,28.77,54.03,90.32,57.71
SMBK UR Equity,30.65,54.03,69.5,51.39
SMCI UW Equity,91.69,75.58,59.37,75.55
SMED UR Equity,71.83,17.4,66.26,51.83
SMID UR Equity,57.75,15.02,43.82,38.86
SMLR UR Equity,3.14,5.17,17.33,8.54
SMMF UW Equity,29.89,38.93,97.62,55.48
SMPL UR Equity,72.7,19.58,80.5,57.59
SMSI UR Equity,61.55,19.58,32.37,37.83
SMTC UW Equity,95.85,95.57,81.66,91.02
SNBR UW Equity,45.24,89.77,97.42,77.47
SNCR UW Equity,65.86,83.84,75.53,75.08
SND UW Equity,78.12,44.28,52.33,58.24
SNDX UW Equity,26.9,30.98,15.6,24.49
SNEX UW Equity,42.25,63.8,43.41,49.82
SNFCA UQ Equity,53.5,38.93,43.21,45.21
SNGX UR Equity,1.42,5.17,37.01,14.53
SNPS UW Equity,96.05,8.59,30.95,45.2
SNY UW Equity,98.23,94.43,65.35,86.0
SOHO UQ Equity,62.66,63.8,22.34,49.6
SOHU UW Equity,45.9,19.58,18.44,27.97
SONM UR Equity,16.82,30.98,12.16,19.98
SONO UW Equity,71.33,83.84,68.64,74.6
SP UW Equity,94.88,91.59,42.91,76.46
SPFI UW Equity,50.3,30.98,66.41,49.23
SPLK UW Equity,92.3,95.57,63.78,83.88
SPNE UW Equity,29.48,86.47,59.57,58.51
SPNS UW Equity,89.61,83.84,4.15,59.2
SPOK UW Equity,92.15,54.03,70.31,72.16
SPPI UW Equity,83.59,54.03,70.82,69.48
SPRO UW Equity,14.39,30.98,39.67,28.34
SPSC UW Equity,66.57,54.03,49.34,56.64
SPTN UW Equity,44.78,69.48,90.12,68.13
SPWH UW Equity,74.01,54.03,27.3,51.78
SPWR UW Equity,70.36,83.84,25.43,59.88
SRAX UQ Equity,3.39,8.59,50.96,20.98
SRCE UW Equity,36.93,38.93,85.46,53.77
SRCL UW Equity,97.77,72.9,99.44,90.04
SRDX UW Equity,24.47,54.03,90.73,56.41
SREV UW Equity,64.29,54.03,10.49,42.93
SRGA UW Equity,54.76,83.84,40.37,59.66
SRNE UR Equity,47.06,30.98,1.22,26.42
SRPT UW Equity,37.94,30.98,32.42,33.78
SRRK UW Equity,14.84,19.58,63.17,32.53
SSB UW Equity,51.37,54.03,78.77,61.39
SSBI UQ Equity,19.96,30.98,68.79,39.91
SSKN UR Equity,14.79,41.13,31.71,29.21
SSNC UW Equity,47.82,54.03,3.75,35.2
SSP UW Equity,85.61,79.23,77.25,80.7
SSRM UW Equity,91.95,81.71,61.55,78.4
SSTI UR Equity,20.82,42.43,58.0,40.42
SSYS UW Equity,35.97,75.58,17.88,43.14
STAA UQ Equity,29.38,86.47,53.6,56.48
STAB UR Equity,0.66,86.47,69.81,52.31
STBA UW Equity,36.83,21.99,90.02,49.61
STCN UR Equity,91.79,95.57,19.2,68.85
STFC UW Equity,76.49,63.8,28.77,56.36
STGW UW Equity,41.59,69.88,53.9,55.12
STIM UQ Equity,17.63,30.98,19.5,22.7
STKL UW Equity,45.29,70.74,93.52,69.85
STLD UW Equity,62.82,15.02,89.56,55.8
STNE UW Equity,40.58,87.72,2.63,43.64
STOK UW Equity,11.04,41.13,6.94,19.71
STRA UW Equity,67.22,70.74,89.26,75.74
STRL UW Equity,87.79,71.58,70.01,76.46
STRM UR Equity,14.03,75.58,19.4,36.34
STRO UQ Equity,49.14,30.98,28.57,36.23
STRR UQ Equity,52.89,41.13,10.79,34.94
STRS UW Equity,69.6,54.03,78.27,67.3
STRT UQ Equity,89.36,79.08,47.52,71.99
STSA UQ Equity,11.04,54.03,5.27,23.45
STX UW Equity,69.1,8.59,87.64,55.11
STXB UW Equity,29.53,54.03,81.71,55.09
SUMR UR Equity,22.39,43.95,8.36,24.9
SUPN UQ Equity,36.22,19.58,21.23,25.68
SVA UW Equity,35.82,41.13,21.48,32.81
SVC UW Equity,77.0,63.8,71.43,70.74
SVRA UW Equity,11.04,86.47,14.79,37.44
SWAV UW Equity,31.91,41.13,29.53,34.19
SWBI UW Equity,71.28,75.58,62.82,69.89
SWIR UW Equity,93.77,87.72,90.43,90.64
SWKH UR Equity,46.25,30.98,13.42,30.22
SWKS UW Equity,86.98,92.15,64.74,81.29
SYBT UW Equity,34.45,0.46,63.98,32.96
SYBX UQ Equity,2.38,30.98,32.27,21.88
SYNA UW Equity,98.63,87.72,38.25,74.86
SYNH UW Equity,74.27,94.43,87.99,85.56
SYNL UQ Equity,47.47,81.81,4.66,44.65
SYPR UQ Equity,81.66,89.26,81.97,84.3
SYRS UW Equity,15.15,30.98,34.5,26.87
TA UW Equity,71.18,62.51,36.47,56.72
TACO UR Equity,25.38,19.58,10.64,18.53
TACT UQ Equity,46.15,54.03,66.06,55.41
TAOP UR Equity,81.36,42.43,7.04,43.61
TAST UW Equity,40.17,30.98,71.28,47.48
TAYD UR Equity,81.51,72.04,2.79,52.11
TBBK UW Equity,50.86,54.03,82.52,62.47
TBK UW Equity,37.84,85.99,68.69,64.18
TBNK UW Equity,49.44,30.98,69.15,49.86
TBPH UQ Equity,18.34,66.44,81.41,55.4
TCBI UW Equity,51.22,2.08,22.14,25.14
TCBK UW Equity,50.91,30.98,81.16,54.35
TCDA UW Equity,12.74,30.98,49.49,31.07
TCFC UR Equity,49.59,30.98,89.31,56.63
TCMD UQ Equity,72.64,77.91,24.27,58.27
TCOM UW Equity,78.17,79.58,11.85,56.53
TCRR UW Equity,11.04,41.13,6.84,19.67
TCX UR Equity,32.62,19.58,57.85,36.69
TEAM UW Equity,91.89,87.72,36.52,72.04
TECH UW Equity,68.14,5.17,54.46,42.59
TENB UW Equity,70.06,42.43,23.86,45.45
TENX UR Equity,12.74,19.58,12.51,14.94
TER UW Equity,96.0,95.57,60.49,84.02
TESS UW Equity,64.34,54.03,26.6,48.32
TFSL UW Equity,51.06,63.8,74.67,63.18
TGA UR Equity,71.78,80.83,3.34,51.98
TGTX UR Equity,5.27,54.03,32.32,30.54
TH UR Equity,49.24,30.98,42.05,40.75
THFF UW Equity,32.98,38.93,94.33,55.41
THRM UW Equity,94.17,91.54,88.3,91.34
THRY UR Equity,46.2,10.56,8.87,21.88
THTX UR Equity,21.33,5.17,41.03,22.51
TIGO UW Equity,95.14,91.24,84.14,90.17
TIGR UW Equity,30.9,2.08,0.1,11.03
TILE UW Equity,45.44,90.55,50.61,62.2
TIPT UR Equity,56.03,63.8,25.03,48.29
TITN UW Equity,38.2,54.03,30.14,40.79
TLRY UW Equity,33.79,75.58,18.03,42.47
TMDI UR Equity,13.88,5.17,41.03,20.03
TMDX UQ Equity,16.06,66.44,39.51,40.67
TMUS UW Equity,97.72,96.66,20.42,71.6
TNDM UQ Equity,44.53,75.58,49.24,56.45
TOWN UW Equity,52.33,54.03,96.15,67.5
TPIC UQ Equity,94.68,97.8,25.08,72.52
TPST UR Equity,11.04,30.98,53.7,31.91
TPTX UW Equity,16.16,5.17,42.4,21.24
TREE UW Equity,51.62,30.98,73.86,52.15
TRHC UQ Equity,36.78,30.98,31.81,33.19
TRIP UW Equity,38.35,89.01,25.48,50.95
TRMB UW Equity,91.74,87.72,44.17,74.54
TRMD UW Equity,83.08,80.83,7.24,57.05
TRMK UW Equity,77.46,54.03,43.06,58.18
TRNS UQ Equity,57.29,19.58,46.81,41.23
TROO UR Equity,3.7,16.13,21.58,13.8
TROW UW Equity,44.33,75.58,92.76,70.89
TRS UW Equity,90.63,99.8,65.4,85.28
TRST UW Equity,46.61,21.99,98.78,55.79
TRUE UW Equity,30.09,54.03,52.03,45.38
TRUP UQ Equity,67.68,38.93,81.91,62.84
TRVG UW Equity,34.35,10.56,1.67,15.53
TRVN UR Equity,1.27,54.03,65.96,40.42
TSAT UW Equity,27.71,10.56,19.71,19.33
TSBK UQ Equity,23.56,2.08,89.77,38.47
TSC UW Equity,35.41,30.98,70.52,45.63
TSCO UW Equity,74.82,83.84,94.07,84.25
TSEM UW Equity,95.19,87.72,44.53,75.81
TSLA UW Equity,93.82,99.62,84.85,92.76
TTD UQ Equity,41.19,42.43,22.04,35.22
TTEC UW Equity,92.05,78.67,65.05,78.59
TTEK UW Equity,87.13,13.88,65.7,55.57
TTGT UQ Equity,31.46,30.98,2.43,21.62
TTMI UW Equity,92.96,97.57,58.31,82.94
TTNP UR Equity,2.23,41.13,67.53,36.96
TTOO UQ Equity,15.75,66.44,29.48,37.23
TTSH UR Equity,50.25,54.03,44.48,49.59
TTWO UW Equity,83.03,96.66,84.8,88.16
TUEM UR Equity,44.68,83.84,41.69,56.74
TUSK UW Equity,82.52,75.58,71.58,76.56
TVTX UQ Equity,31.56,66.44,53.09,50.36
TVTY UW Equity,86.93,66.44,22.59,58.65
TW UW Equity,53.65,54.03,12.56,40.08
TWIN UW Equity,28.57,44.55,77.41,50.18
TWNK UR Equity,80.19,73.53,75.68,76.47
TWOU UW Equity,79.13,54.03,48.73,60.63
TWST UW Equity,26.49,30.98,62.46,39.98
TXG UW Equity,37.74,5.17,37.01,26.64
TXMD UW Equity,22.49,54.03,26.29,34.27
TXN UW Equity,98.53,95.57,96.76,96.95
TXRH UW Equity,41.74,75.58,72.14,63.15
TYME UR Equity,11.04,54.03,20.77,28.61
TZOO UW Equity,19.45,54.03,14.34,29.27
UAL UW Equity,53.8,98.78,64.39,72.32
UBCP UR Equity,16.77,38.93,6.89,20.86
UBFO UW Equity,18.84,30.98,93.47,47.76
UBOH UQ Equity,21.48,38.93,71.23,43.88
UBSI UW Equity,41.39,54.03,79.53,58.32
UCBI UW Equity,79.48,21.99,85.66,62.38
UCTT UW Equity,86.58,54.03,68.74,69.78
UEIC UW Equity,79.58,92.1,23.61,65.1
UFCS UW Equity,80.55,63.8,77.71,74.02
UFPI UW Equity,37.79,44.55,81.1,54.48
UFPT UR Equity,54.46,54.03,62.21,56.9
UG UQ Equity,7.5,70.74,9.63,29.29
UHAL UW Equity,68.29,72.04,58.21,66.18
UIHC UR Equity,76.85,30.98,80.85,62.89
ULBI UQ Equity,80.65,54.03,9.42,48.03
ULH UW Equity,76.24,23.99,17.22,39.15
ULTA UW Equity,80.34,54.03,99.29,77.89
UMBF UW Equity,44.83,38.93,90.22,58.0
UMPQ UW Equity,79.53,54.03,91.49,75.02
UNAM UQ Equity,60.54,0.46,5.42,22.14
UNB UQ Equity,20.92,30.98,76.95,42.95
UNIT UW Equity,77.41,83.84,30.6,63.95
UNTY UQ Equity,26.24,19.58,97.72,47.85
UONE UR Equity,66.69,16.13,12.44,31.75
UONEK UR Equity,66.69,16.13,12.44,31.75
UPLD UQ Equity,64.99,54.03,4.61,41.21
UPST UW Equity,40.12,2.08,73.76,38.65
UPWK UW Equity,97.57,93.03,13.73,68.11
URBN UW Equity,78.82,93.03,72.75,81.53
URGN UQ Equity,18.59,54.03,53.04,41.89
USAK UW Equity,60.03,54.03,40.22,51.43
USAP UW Equity,57.45,73.3,72.29,67.68
USEG UR Equity,48.43,44.91,28.98,40.77
USLM UW Equity,48.63,73.45,64.49,62.19
USWS UR Equity,43.92,16.13,33.08,31.05
UTHR UW Equity,82.62,54.03,99.49,78.71
UTMD UW Equity,17.73,30.98,30.8,26.5
UTSI UW Equity,77.51,54.03,4.96,45.5
UVSP UW Equity,35.61,19.58,92.96,49.38
VABK UR Equity,21.99,16.13,97.82,45.31
VALN UW Equity,47.92,92.2,34.35,58.16
VALU UR Equity,18.64,21.99,6.08,15.57
VBFC UR Equity,22.59,2.08,76.27,33.65
VBIV UR Equity,1.37,54.03,3.44,19.61
VBNK UW Equity,24.32,2.08,76.27,34.22
VBTX UQ Equity,37.08,54.03,91.74,60.95
VC UW Equity,95.8,89.77,53.34,79.64
VCEL UR Equity,64.03,54.03,36.68,51.58
VCYT UQ Equity,33.28,54.03,80.45,55.92
VECO UW Equity,94.48,83.84,56.38,78.23
VEON UW Equity,91.19,88.8,13.37,64.45
VERI UQ Equity,62.51,42.43,24.16,43.03
VERU UR Equity,20.36,30.98,33.89,28.41
VFF UR Equity,51.72,54.03,7.55,37.77
VG UW Equity,67.17,75.58,78.93,73.89
VIA UW Equity,5.52,54.03,47.47,35.67
VIACA UW Equity,70.31,69.88,87.94,76.05
VIAV UW Equity,96.56,95.57,45.04,79.05
VICR UW Equity,77.96,54.03,1.62,44.54
VIEW UQ Equity,17.58,13.88,11.9,14.45
VIR UW Equity,39.87,30.98,80.65,50.5
VIRC UQ Equity,28.88,13.88,57.07,33.27
VIRT UW Equity,43.01,75.58,24.37,47.65
VIRX UW Equity,11.04,54.03,30.29,31.79
VISL UR Equity,60.08,8.59,12.26,26.98
VIVO UW Equity,35.31,41.13,77.86,51.44
VKTX UR Equity,11.04,30.98,20.87,20.96
VLGEA UW Equity,36.47,17.73,4.2,19.47
VLY UW Equity,74.21,63.8,96.96,78.33
VNDA UQ Equity,72.85,54.03,60.69,62.52
VOD UW Equity,98.28,99.54,36.12,77.98
VOXX UW Equity,54.56,23.61,7.4,28.52
VRA UW Equity,83.84,83.84,80.4,82.69
VRAY UQ Equity,48.99,54.03,51.72,51.58
VRCA UQ Equity,48.78,30.98,3.19,27.65
VRDN UR Equity,1.93,75.58,35.82,37.77
VREX UW Equity,48.23,5.17,58.61,37.34
VRM UW Equity,68.69,12.01,55.85,45.52
VRNA UQ Equity,12.74,5.17,37.01,18.3
VRNS UW Equity,65.6,87.72,44.88,66.07
VRNT UW Equity,92.55,87.72,82.12,87.46
VRRM UR Equity,65.81,69.35,20.52,51.89
VRSK UW Equity,84.8,93.03,89.16,89.0
VRSN UW Equity,44.22,54.03,29.28,42.51
VRTS UW Equity,41.13,30.98,58.51,43.54
VRTX UW Equity,87.94,93.03,74.97,85.32
VSAT UW Equity,94.07,78.67,61.85,78.2
VSEC UW Equity,79.23,81.64,66.46,75.78
VSTM UQ Equity,2.63,30.98,25.79,19.8
VTNR UR Equity,48.68,44.91,9.98,34.52
VTRS UW Equity,92.86,94.43,23.56,70.28
VTSI UR Equity,14.59,13.88,52.74,27.07
VTVT UR Equity,4.0,54.03,0.46,19.5
VWE UQ Equity,22.9,12.01,39.16,24.69
VWTR UW Equity,58.0,44.55,32.67,45.08
VXRT UR Equity,1.47,19.58,5.37,8.81
VYGR UW Equity,16.62,16.13,22.9,18.55
VYNE UW Equity,56.53,75.58,43.62,58.58
WABC UW Equity,33.64,16.13,83.89,44.55
WAFD UW Equity,47.72,2.08,54.56,34.79
WASH UW Equity,53.95,63.8,98.58,72.11
WATT UR Equity,57.24,54.03,70.11,60.46
WAVD UR Equity,58.92,8.59,50.96,39.49
WB UW Equity,40.98,10.56,3.6,18.38
WBA UW Equity,94.78,97.47,48.89,80.38
WDAY UW Equity,99.39,93.03,55.27,82.57
WDC UW Equity,98.99,95.57,94.53,96.36
WDFC UW Equity,17.78,12.01,91.03,40.27
WEN UW Equity,45.34,89.77,79.94,71.68
WERN UW Equity,80.85,54.03,83.18,72.69
WETF UW Equity,35.36,30.98,72.59,46.31
WEYS UW Equity,75.84,70.74,18.09,54.89
WFRD UW Equity,98.78,98.15,35.71,77.55
WINA UQ Equity,46.1,12.01,57.6,38.57
WING UW Equity,72.8,54.03,88.96,71.93
WINT UR Equity,11.04,54.03,21.43,28.83
WIRE UW Equity,72.09,54.03,80.95,69.02
WIX UW Equity,68.44,54.03,53.65,58.7
WKHS UR Equity,1.77,0.46,61.04,21.09
WLDN UQ Equity,44.63,80.4,93.11,72.71
WLFC UQ Equity,64.84,19.58,38.91,41.11
WMG UW Equity,68.74,10.56,43.47,40.92
WMPN UR Equity,20.01,2.08,76.27,32.78
WNEB UW Equity,25.94,21.99,96.25,48.06
WOOF UW Equity,43.26,12.01,35.51,30.26
WPRT UW Equity,95.09,98.23,67.17,86.83
WRAP UR Equity,57.95,17.48,1.11,25.52
WRLD UW Equity,38.1,54.03,71.07,54.4
WSBC UW Equity,39.31,54.03,68.49,53.94
WSBF UW Equity,35.01,21.99,84.04,47.01
WSC UR Equity,67.43,78.27,75.99,73.89
WSFS UW Equity,39.56,19.58,94.93,51.36
WSTG UQ Equity,32.73,30.98,57.8,40.5
WTBA UW Equity,72.39,38.93,69.35,60.22
WTFC UW Equity,80.04,38.93,85.31,68.09
WTRH UW Equity,27.15,54.03,6.18,29.12
WTW UW Equity,87.34,83.84,75.23,82.13
WVE UQ Equity,78.22,54.03,48.48,60.24
WW UW Equity,38.5,79.58,84.35,67.48
WWD UW Equity,52.28,13.88,51.62,39.26
WYNN UW Equity,37.99,81.31,92.55,70.62
XBIT UW Equity,14.49,22.87,41.64,26.33
XCUR UR Equity,1.32,30.98,5.88,12.72
XEL UW Equity,87.44,92.05,88.1,89.19
XENT UQ Equity,24.87,66.44,20.21,37.17
XERS UW Equity,72.14,41.13,32.22,48.5
XFOR UR Equity,11.04,30.98,29.74,23.92
XGN UQ Equity,18.74,30.98,20.16,23.29
XLNX UW Equity,96.66,93.03,61.35,83.68
XNCR UQ Equity,47.37,30.98,63.88,47.41
XOMA UQ Equity,48.94,66.44,78.22,64.53
XPEL UR Equity,24.82,12.01,60.79,32.54
XPER UW Equity,67.63,54.03,52.79,58.15
XRAY UW Equity,96.35,94.43,91.29,94.02
XRTX UR Equity,8.79,5.17,26.34,13.43
XRX UW Equity,98.58,98.38,56.28,84.41
XSPA UR Equity,20.21,12.01,14.49,15.57
XXII UR Equity,15.05,43.95,63.93,40.97
YELL UW Equity,79.89,98.68,99.59,92.72
YMAB UW Equity,16.36,54.03,8.51,26.3
YMTX UR Equity,5.98,30.98,52.99,29.98
YNDX UW Equity,71.07,83.84,8.61,54.51
YORW UW Equity,88.35,81.51,87.59,85.82
YTEN UR Equity,57.04,30.98,68.59,52.2
YY UW Equity,42.35,69.88,0.96,37.73
Z UW Equity,55.65,75.58,47.9,59.71
ZBRA UW Equity,52.03,95.57,81.05,76.22
ZD UW Equity,87.03,19.58,16.46,41.02
ZEAL UW Equity,19.05,77.91,38.1,45.02
ZEUS UW Equity,54.26,91.01,28.01,57.76
ZG UW Equity,55.65,75.58,47.9,59.71
ZGNX UQ Equity,6.99,54.03,9.88,23.63
ZION UW Equity,43.11,2.08,87.54,44.24
ZIOP UW Equity,0.41,30.98,32.02,21.13
ZM UW Equity,77.66,75.58,96.91,83.38
ZNGA UW Equity,41.89,17.53,75.94,45.12
ZNTL UQ Equity,11.04,5.17,35.03,17.08
ZS UW Equity,86.88,42.43,10.69,46.66
ZUMZ UW Equity,70.77,30.98,69.76,57.17
ZVO UW Equity,66.46,70.74,91.59,76.27
ZYNE UQ Equity,12.74,54.03,34.3,33.69
ZYXI UW Equity,26.44,66.44,16.62,36.5
