ticker,SALES_REV_TURN
AAL UW Equity,29882.0
AAME UQ Equity,199.554
AAOI UQ Equity,211.565
AAON UW Equity,534.517
AAPL UW Equity,365817.0
AATC UR Equity,13.242
AAWW UW Equity,4030.829
ABCB UW Equity,1068.656
ABCL UW Equity,375.203
ABCM UW Equity,315.4
ABEO UR Equity,3.0
ABMD UW Equity,847.522
ABNB UW Equity,5991.76
ABST UW Equity,120.784
ABTX UQ Equity,261.746
ACAD UW Equity,484.145
ACB UW Equity,245.252
ACBI UW Equity,122.932
ACER UR Equity,1.26
ACET UQ Equity,9.73
ACGL UW Equity,9249.98
ACHC UW Equity,2314.394
ACHV UR Equity,4235.46331955651
ACIW UW Equity,1370.598
ACLS UW Equity,662.428
ACNB UR Equity,100.935
ACOR UW Equity,129.071
ACRS UW Equity,6.761
ACRX UQ Equity,2.818
ACTG UW Equity,88.047
ADAP UW Equity,6.149
ADBE UW Equity,15785.0
ADES UQ Equity,100.294
ADI UW Equity,7318.286
ADMA UQ Equity,80.942625
ADMP UR Equity,2.20868
ADP UW Equity,15005.4
ADPT UW Equity,154.344
ADSK UW Equity,4386.4
ADTN UW Equity,563.004
ADUS UW Equity,864.499
ADVM UQ Equity,7.5
AEHL UR Equity,47.43023414
AEHR UR Equity,16.6
AEIS UW Equity,1455.954
AEP UW Equity,16792.0
AERI UQ Equity,194.134
AEY UR Equity,62.16
AFIN UW Equity,335.156
AFMD UQ Equity,40.366
AFRM UW Equity,870.464
AFYA UW Equity,1201.191
AGEN UR Equity,295.665
AGFS UW Equity,165.989
AGIO UW Equity,4235.46331955651
AGLE UQ Equity,18.739
AGNC UW Equity,912.0
AGRX UR Equity,4.101
AGTC UQ Equity,0.5
AGYS UW Equity,137.176
AIMC UW Equity,1899.8
AIRG UR Equity,64.273
AIRT UQ Equity,175.121
AKAM UW Equity,3461.223
AKBA UQ Equity,213.578
AKTS UR Equity,6.618
ALBO UR Equity,40.579
ALCO UW Equity,108.564
ALDX UR Equity,4235.46331955651
ALEC UW Equity,207.085
ALGM UW Equity,591.207
ALGN UW Equity,3952.584
ALGT UW Equity,1707.91
ALIM UQ Equity,59.029
ALJJ UQ Equity,440.853
ALKS UW Equity,1173.751
ALLK UW Equity,4235.46331955651
ALLO UW Equity,38.489
ALNY UW Equity,844.287
ALOT UQ Equity,117.48
ALRM UW Equity,748.969
ALRS UR Equity,240.044
ALT UQ Equity,4.410356
ALTM UQ Equity,160.617
ALTO UR Equity,1207.892
ALTR UW Equity,532.179
ALVR UW Equity,4235.46331955651
AMAL UQ Equity,208.765
AMAT UW Equity,23063.0
AMBA UW Equity,331.856
AMCX UW Equity,3077.608
AMD UW Equity,16434.0
AMED UW Equity,2214.112
AMEH UR Equity,773.915
AMGN UW Equity,25979.0
AMKR UW Equity,6138.329
AMNB UW Equity,116.827
AMOT UQ Equity,403.516
AMPH UW Equity,437.768
AMRN UQ Equity,583.187
AMRS UW Equity,341.817
AMSC UW Equity,87.125
AMSF UW Equity,315.934
AMSWA UW Equity,111.408
AMTB UW Equity,368.465
AMTX UQ Equity,211.949
AMWD UW Equity,1744.014
AMZN UW Equity,469822.0
ANAB UW Equity,63.175
ANAT UW Equity,4391.791
ANDE UW Equity,12612.05
ANGI UW Equity,1685.438
ANGO UW Equity,291.01
ANIK UW Equity,147.794
ANIP UQ Equity,216.136
ANSS UW Equity,1906.715
ANTE UR Equity,23.434
AOSL UW Equity,656.902
APA UW Equity,8079.0
APDN UR Equity,9.027738
APEI UW Equity,418.803
APEN UQ Equity,62.989
APLS UW Equity,66.563
APLT UQ Equity,4235.46331955651
APOG UW Equity,1313.977
APPF UQ Equity,359.37
APPN UQ Equity,369.259
APPS UR Equity,313.579
APTO UR Equity,4235.46331955651
APVO UR Equity,12.292
APWC UR Equity,313.564
APYX UW Equity,48.517
AQB UR Equity,1.174832
AQMS UR Equity,0.173
ARAV UW Equity,7.442
ARAY UW Equity,396.289
ARCB UW Equity,3980.067
ARDX UQ Equity,10.097
ARGX UW Equity,497.277
ARKR UQ Equity,131.87
ARLP UW Equity,1569.976
ARNA UW Equity,0.054
AROW UW Equity,147.919
ARRY UQ Equity,853.318
ARTL UR Equity,4235.46331955651
ARTNA UW Equity,90.859
ARTW UR Equity,24.965086
ARVN UW Equity,46.7
ARWR UW Equity,138.287
ASMB UW Equity,6.254
ASML UW Equity,18611.0
ASND UW Equity,7.778
ASO UW Equity,6773.128
ASPS UW Equity,178.453
ASRT UR Equity,111.014
ASRV UQ Equity,64.43
ASTC UR Equity,0.334
ASTE UW Equity,1097.2
ASUR UR Equity,76.064
ASYS UW Equity,85.205
ATEC UW Equity,243.212
ATEX UR Equity,0.921
ATHE UR Equity,4235.46331955651
ATHX UR Equity,5.514
ATLC UW Equity,499.884
ATLO UR Equity,71.019
ATNI UW Equity,602.707
ATNX UW Equity,120.181
ATRA UW Equity,20.34
ATRC UQ Equity,274.329
ATRI UW Equity,165.009
ATRO UW Equity,444.908
ATRS UR Equity,183.982
ATSG UW Equity,1734.282
ATVI UW Equity,8803.0
AUB UW Equity,718.165
AUBN UQ Equity,30.795
AUTL UW Equity,2.33
AUTO UR Equity,71.585
AVAV UW Equity,394.912
AVCO UR Equity,1.390972
AVDL UQ Equity,4235.46331955651
AVEO UR Equity,42.295
AVGO UW Equity,27450.0
AVGR UR Equity,10.13
AVID UW Equity,409.944
AVNW UW Equity,274.911
AVRO UW Equity,4235.46331955651
AVT UW Equity,19534.679
AVTX UR Equity,5.398
AVXL UW Equity,4235.46331955651
AWH UR Equity,6.812
AWRE UQ Equity,16.854
AXDX UR Equity,11.782
AXGN UR Equity,127.358
AXNX UW Equity,180.29
AXON UW Equity,863.381
AXSM UQ Equity,4235.46331955651
AXTI UW Equity,137.393
AY UW Equity,1211.749
AZN UW Equity,37417.0
AZPN UW Equity,709.376
AZTA UW Equity,513.703
BAND UW Equity,490.907
BANF UW Equity,497.053
BANR UW Equity,616.916
BATRA UW Equity,568.0
BATRK UW Equity,568.0
BBBY UW Equity,7867.778
BBCP UR Equity,315.808
BBGI UQ Equity,241.426308
BBI UR Equity,0.404
BBIO UW Equity,69.716
BBQ UW Equity,206.442
BBSI UW Equity,955.166
BCAB UQ Equity,0.25
BCBP UQ Equity,121.268
BCEL UW Equity,4235.46331955651
BCML UW Equity,92.877
BCOR UW Equity,885.2
BCOV UW Equity,211.093
BCPC UW Equity,799.023
BCRX UW Equity,157.17
BDSI UW Equity,166.703
BEAT UR Equity,4235.46331955651
BECN UW Equity,6642.0
BELFA UW Equity,543.494
BELFB UW Equity,543.494
BFIN UW Equity,52.255
BFRA UR Equity,30.346
BFST UW Equity,206.22
BGCP UW Equity,2354.716
BGFV UW Equity,1161.82
BGNE UW Equity,1176.283
BHF UW Equity,7142.0
BIDU UW Equity,124493.0
BIGC UQ Equity,219.855
BIIB UW Equity,10981.7
BIMI UR Equity,27.079795
BIOL UR Equity,39.188
BJRI UW Equity,1087.038
BKNG UW Equity,10958.0
BKR UW Equity,20502.0
BKSC UR Equity,21.419342
BL UW Equity,425.706
BLBD UQ Equity,683.995
BLCM UR Equity,6.2
BLDE UR Equity,67.158
BLDP UQ Equity,104.5
BLFS UR Equity,119.156
BLI UW Equity,85.388
BLIN UR Equity,13.259
BLKB UW Equity,927.74
BLMN UW Equity,4122.385
BLNK UR Equity,20.94
BLUE UW Equity,3.662
BMRC UR Equity,118.485
BMRN UW Equity,1846.275
BNFT UQ Equity,263.097
BNOX UQ Equity,4235.46331955651
BNTX UW Equity,18976.7
BOKF UW Equity,1935.704
BOMN UR Equity,56.971811
BOOM UW Equity,260.115
BPMC UW Equity,180.08
BPOP UW Equity,2764.765
BPRN UW Equity,73.941
BPTH UR Equity,4235.46331955651
BRCN UR Equity,0.258646
BRID UQ Equity,240.43
BRKL UW Equity,338.518
BRKR UW Equity,2417.9
BRY UW Equity,788.974
BSET UW Equity,486.534
BSGM UR Equity,0.441
BSQR UR Equity,40.367
BSRR UW Equity,141.155
BSVN UW Equity,58.539
BSY UW Equity,965.046
BTAI UR Equity,4235.46331955651
BUSE UW Equity,431.604
BVS UW Equity,430.898
BVXV UR Equity,4235.46331955651
BWB UR Equity,134.188
BWEN UR Equity,145.619
BWFG UQ Equity,87.033
BXRX UR Equity,1.08
BYFC UR Equity,27.966
BYND UW Equity,464.7
BYSI UR Equity,1.351
BZUN UW Equity,9396.256
CAAS UR Equity,497.993
CABA UW Equity,4235.46331955651
CAC UW Equity,198.219
CACC UW Equity,1856.0
CAKE UW Equity,2927.54
CALA UW Equity,9.75
CALM UW Equity,1348.987
CAMP UW Equity,308.587
CAR UW Equity,9313.0
CARA UQ Equity,23.028
CARG UW Equity,951.373
CASA UW Equity,401.325
CASH UW Equity,556.758
CASI UR Equity,30.168
CASS UW Equity,155.188
CASY UW Equity,8707.189
CATC UR Equity,177.838
CATY UW Equity,721.114
CBAN UQ Equity,106.876
CBAT UR Equity,52.669733
CBAY UW Equity,4235.46331955651
CBFV UQ Equity,54.637
CBIO UR Equity,7.338
CBNK UW Equity,173.879
CBRL UW Equity,2821.444
CBSH UW Equity,1438.742
CBTX UW Equity,148.357
CCB UW Equity,111.201
CCBG UW Equity,213.896
CCCC UW Equity,45.785
CCEL UR Equity,28.884902
CCEP UW Equity,13763.0
CCLP UW Equity,304.171
CCMP UW Equity,1199.831
CCNE UW Equity,213.034
CCOI UW Equity,589.797
CCRN UW Equity,1676.652
CCXI UW Equity,32.224
CDEV UR Equity,897.767
CDK UW Equity,1673.2
CDLX UQ Equity,267.116
CDMO UR Equity,95.868
CDNA UQ Equity,296.397
CDNS UW Equity,2988.244
CDTX UQ Equity,49.572
CDW UW Equity,20820.8
CDXC UR Equity,67.449
CDXS UW Equity,104.754
CDZI UQ Equity,0.564
CECE UW Equity,324.14
CELC UR Equity,4235.46331955651
CELH UR Equity,314.271559
CEMI UR Equity,47.818452
CENT UW Equity,3303.684
CENTA UW Equity,3303.684
CENX UW Equity,2212.5
CERE UR Equity,4235.46331955651
CERN UW Equity,5764.824
CERS UQ Equity,159.518
CERT UW Equity,286.104
CETX UR Equity,43.130934
CEVA UW Equity,122.706
CFFI UW Equity,142.891
CFFN UW Equity,286.267
CFMS UR Equity,99.86
CG UW Equity,8784.6
CGC UW Equity,546.649
CGEN UQ Equity,6.0
CGNT UW Equity,474.042
CGNX UW Equity,1037.098
CGRN UR Equity,67.636
CHCI UR Equity,31.093
CHCO UW Equity,235.108
CHDN UW Equity,1597.2
CHEF UW Equity,1745.757
CHK UW Equity,5809.0
CHKP UW Equity,2166.8
CHMG UW Equity,92.878
CHNG UW Equity,3090.421
CHNR UR Equity,6.867
CHRS UQ Equity,326.551
CHRW UW Equity,23102.138
CHTR UW Equity,51682.0
CHUY UW Equity,396.467
CHX UW Equity,3074.99
CIDM UQ Equity,31.419
CIGI UW Equity,4089.129
CINF UW Equity,9630.0
CIVB UR Equity,133.194
CIZN UQ Equity,50.697
CJJD UR Equity,133.134633
CKPT UR Equity,0.268
CLAR UW Equity,375.794
CLBK UW Equity,308.981
CLBS UR Equity,4235.46331955651
CLDX UR Equity,4.651
CLFD UQ Equity,140.755399
CLNE UW Equity,255.646
CLRB UR Equity,4235.46331955651
CLRO UR Equity,28.967
CLSD UQ Equity,29.575
CLSN UR Equity,0.5
CLVS UW Equity,148.757
CLXT UQ Equity,25.987
CMBM UQ Equity,335.854
CMCO UW Equity,649.642
CMCSA UW Equity,116385.0
CMCT UQ Equity,90.926
CME UW Equity,4689.7
CMLS UQ Equity,916.467
CMPR UW Equity,2592.513
CMRX UQ Equity,1.979
CMTL UW Equity,581.695
CNCE UQ Equity,32.578
CNDT UW Equity,4140.0
CNET UR Equity,47.328
CNOB UW Equity,317.429
CNSL UW Equity,1282.233
CNTY UR Equity,388.506
CNXC UW Equity,5587.015
CNXN UW Equity,2892.595
CODA UR Equity,21.331527
COFS UR Equity,83.812
COHR UW Equity,1487.468
COHU UW Equity,887.214
COKE UW Equity,5562.714
COLB UW Equity,630.159
COLL UW Equity,276.868
COLM UW Equity,3126.402
COMM UW Equity,8586.7
CONE UW Equity,1205.7
CONN UW Equity,1590.031
COOP UR Equity,3549.0
CORT UR Equity,365.978
COST UW Equity,195929.0
COUP UW Equity,725.289
COWN UW Equity,2112.799
CPHC UQ Equity,60.399698
CPIX UW Equity,35.985043
CPRT UW Equity,2692.511
CPRX UR Equity,140.833
CPSH UR Equity,22.449065
CPSI UW Equity,280.629
CPSS UQ Equity,267.811
CRAI UW Equity,565.933
CRBP UQ Equity,0.881705
CRDF UR Equity,0.359
CRDL UR Equity,0.07876
CREG UR Equity,4235.46331955651
CRESY UW Equity,42411.0
CREX UR Equity,18.437
CRIS UQ Equity,10.649
CRMD UQ Equity,0.190936
CRMT UW Equity,808.065
CRNC UW Equity,387.182
CRON UQ Equity,74.435
CROX UW Equity,2313.416
CRSP UQ Equity,914.963
CRTO UW Equity,2254.235
CRTX UW Equity,4235.46331955651
CRUS UW Equity,1369.23
CRVL UW Equity,552.644
CRVS UQ Equity,4235.46331955651
CRWD UW Equity,1451.594
CRWS UR Equity,79.164
CSCO UW Equity,49818.0
CSCW UR Equity,6.783957
CSGP UW Equity,1944.135
CSGS UW Equity,1046.487
CSII UW Equity,258.973
CSIQ UW Equity,5277.169
CSTE UW Equity,643.892
CSTL UQ Equity,94.085
CSTR UW Equity,141.14
CSWC UW Equity,68.062
CSWI UW Equity,419.205
CSX UW Equity,12522.0
CTAS UW Equity,7116.34
CTBI UW Equity,238.632
CTG UW Equity,392.285
CTHR UR Equity,39.235839
CTIC UR Equity,4235.46331955651
CTLP UW Equity,166.939
CTMX UW Equity,69.573
CTRE UW Equity,192.351
CTRN UW Equity,991.595
CTSH UW Equity,18507.0
CTSO UR Equity,43.165527
CTXS UW Equity,3217.17
CUE UR Equity,14.94137
CUTR UW Equity,231.27
CVBF UW Equity,468.015
CVCO UW Equity,1108.051
CVCY UR Equity,82.861
CVET UW Equity,4575.0
CVGI UW Equity,971.578
CVGW UW Equity,1055.83
CVLG UW Equity,1046.003
CVLT UW Equity,723.472
CVLY UQ Equity,88.056
CVT UQ Equity,518.811
CVV UR Equity,16.446813
CWCO UW Equity,66.863502
CWST UW Equity,889.211
CXDO UR Equity,28.092
CYAN UR Equity,32.345
CYBE UQ Equity,92.774
CYBR UW Equity,502.917
CYCC UR Equity,4235.46331955651
CYCN UW Equity,3.942
CYN UR Equity,4235.46331955651
CYRX UR Equity,222.608
CYT UW Equity,4235.46331955651
CYTH UR Equity,1.585756
CYTK UW Equity,70.428
CZNC UR Equity,110.382
CZR UW Equity,9570.0
CZWI UQ Equity,79.859
DAIO UR Equity,25.835
DAKT UW Equity,482.033
DALN UR Equity,154.374
DBX UW Equity,2157.9
DCOM UW Equity,426.694
DCPH UW Equity,96.148
DCT UW Equity,260.35
DCTH UR Equity,3.555
DDOG UW Equity,1028.784
DENN UR Equity,398.174
DFFN UR Equity,4235.46331955651
DGICA UW Equity,816.465791
DGICB UW Equity,816.465791
DGII UW Equity,308.632
DHC UW Equity,1383.212
DHIL UW Equity,182.193837
DIOD UW Equity,1805.162
DISCA UW Equity,12191.0
DISCB UW Equity,12191.0
DISCK UW Equity,12191.0
DISH UW Equity,17881.106
DJCO UR Equity,49.389
DKNG UW Equity,1296.025
DLHC UR Equity,246.094
DLTH UW Equity,698.584
DLTR UW Equity,26321.2
DMRC UW Equity,26.52
DNLI UW Equity,48.661
DOCU UW Equity,2107.213
DOMO UQ Equity,257.961
DOOO UW Equity,7647.9
DORM UW Equity,1345.249
DOX UW Equity,4288.64
DRIO UR Equity,20.513
DRRX UR Equity,13.977
DRVN UW Equity,1467.28
DSGX UW Equity,424.69
DSKE UR Equity,1556.8
DTIL UW Equity,115.529
DVAX UR Equity,439.442
DWSN UW Equity,24.695
DXCM UW Equity,2448.5
DXLG UQ Equity,505.021
DXPE UW Equity,1113.921
DXYN UQ Equity,341.247
DYN UW Equity,4235.46331955651
DZSI UR Equity,350.206
EA UW Equity,5629.0
EAST UR Equity,12.394
EBAY UW Equity,10420.0
EBC UW Equity,628.314
EBIX UW Equity,994.938
EBMT UQ Equity,97.516
EBTC UW Equity,167.14
ECOL UW Equity,988.001
ECOR UW Equity,5.451192
ECPG UW Equity,1614.499
EDIT UW Equity,25.544
EEFT UW Equity,2995.443
EFSC UW Equity,450.973
EGAN UR Equity,78.287
EGBN UR Equity,404.881
EGLE UW Equity,594.537654
EGRX UQ Equity,171.546
EHTH UW Equity,538.199
EIGR UQ Equity,12.142
ELDN UR Equity,4235.46331955651
EMCF UR Equity,41.171
EMKR UQ Equity,158.444
EML UQ Equity,246.522823
ENDP UW Equity,2993.206
ENG UR Equity,36.41
ENPH UQ Equity,1382.049
ENSG UW Equity,2627.461
ENTA UW Equity,97.074
ENTG UW Equity,2298.893
EPAY UW Equity,471.403
EPZM UW Equity,37.427
EQ UQ Equity,4235.46331955651
EQBK UW Equity,190.21
EQIX UW Equity,6635.537
ERIC UW Equity,232314.0
ERIE UW Equity,2633.977
ERII UW Equity,103.904
ESCA UQ Equity,313.612
ESGR UW Equity,716.0
ESLT UW Equity,5278.521
ESPR UQ Equity,78.447
ESQ UR Equity,65.555
ESSA UW Equity,70.18
ETSY UW Equity,2329.114
EVBG UQ Equity,368.433
EVER UQ Equity,418.515
EVFM UR Equity,8.244
EVGN UQ Equity,0.93
EVLO UW Equity,4235.46331955651
EVO UW Equity,618.034
EVOL UR Equity,4235.46331955651
EVOP UQ Equity,496.645
EWBC UW Equity,1904.629
EXAS UR Equity,1767.087
EXC UW Equity,36347.0
EXEL UW Equity,1434.97
EXLS UW Equity,1122.293
EXPD UW Equity,16523.517
EXPE UW Equity,8598.0
EXPI UQ Equity,3771.17
EXPO UW Equity,466.269
EXTR UW Equity,1009.418
EYE UW Equity,2079.525
EYES UR Equity,4235.46331955651
EYPT UQ Equity,36.939
EZPW UW Equity,729.551
FANG UW Equity,5567.0
FARM UW Equity,397.85
FARO UW Equity,337.814
FAST UW Equity,6010.9
FATE UQ Equity,55.846
FB UW Equity,117929.0
FBIO UR Equity,68.791
FBIZ UW Equity,124.095
FBMS UQ Equity,214.218
FBNC UW Equity,329.529
FBRX UR Equity,4235.46331955651
FCAP UR Equity,39.011
FCBC UW Equity,139.611
FCCO UR Equity,61.424
FCEL UQ Equity,69.585
FCFS UW Equity,1698.965
FCNCA UW Equity,1959.012
FDBC UQ Equity,83.755
FEIM UQ Equity,54.254
FELE UW Equity,1661.865
FFBC UW Equity,654.723
FFHL UR Equity,336.755
FFIC UW Equity,292.249
FFIN UW Equity,518.581
FFIV UW Equity,2603.416
FFNW UW Equity,57.66
FFWM UQ Equity,317.671
FGBI UQ Equity,122.677
FGEN UW Equity,235.309
FGF UQ Equity,7.595
FHB UW Equity,734.227
FIBK UW Equity,656.0
FISI UW Equity,214.111
FISV UW Equity,16226.0
FITB UW Equity,8329.0
FIVE UW Equity,2848.354
FIVN UQ Equity,609.591
FIXX UW Equity,33.971
FIZZ UW Equity,1072.21
FLDM UW Equity,130.581
FLEX UW Equity,24124.0
FLGT UQ Equity,992.584
FLIC UR Equity,135.533
FLL UR Equity,180.159
FLMN UR Equity,68.008
FLNT UQ Equity,329.25
FLUX UR Equity,26.257
FLWS UW Equity,2122.245
FLXS UW Equity,478.925
FMAO UR Equity,94.449
FMBH UQ Equity,252.78
FMBI UW Equity,789.557
FMNB UR Equity,154.652
FNCB UR Equity,59.967
FNHC UQ Equity,245.549
FNKO UW Equity,1029.293
FNLC UW Equity,96.464
FNWB UQ Equity,79.309
FNWD UR Equity,66.602
FOCS UW Equity,1797.951
FOLD UQ Equity,305.514
FONR UR Equity,89.929765
FORA UR Equity,16.879715
FORM UW Equity,769.674
FORR UW Equity,494.315
FOSL UW Equity,1870.036
FOX UW Equity,12909.0
FOXA UW Equity,12909.0
FOXF UW Equity,1299.064
FRAF UR Equity,67.061
FRBA UQ Equity,98.868
FRBK UQ Equity,180.546
FREQ UW Equity,14.068
FRG UQ Equity,3255.204
FRGI UW Equity,357.277
FRHC UR Equity,272.064
FRME UW Equity,555.955
FROG UW Equity,206.683
FRPH UW Equity,31.22
FRPT UQ Equity,425.489
FRST UQ Equity,124.378
FRTA UW Equity,1858.27
FSBW UR Equity,133.887
FSFG UR Equity,185.695
FSLR UW Equity,2923.377
FSTR UW Equity,513.62
FSV UW Equity,3249.072
FTDR UW Equity,1602.0
FTEK UR Equity,24.261
FTFT UR Equity,25.050801
FTNT UW Equity,3342.2
FULC UQ Equity,19.163
FULT UW Equity,997.157
FUNC UW Equity,78.97
FUSB UR Equity,43.442
FVCB UR Equity,72.73
FVE UR Equity,934.593
FWONA UW Equity,2136.0
FWONK UW Equity,2136.0
FWRD UW Equity,1662.427
FXNC UR Equity,47.331
GABC UW Equity,229.841
GAIA UQ Equity,79.573
GALT UR Equity,4235.46331955651
GAME UR Equity,47.23169409
GASS UW Equity,150.204527
GBNY UR Equity,9.393
GBT UW Equity,194.749
GCBC UR Equity,67.995
GDEN UQ Equity,1096.543
GDRX UW Equity,745.424
GDS UQ Equity,7818.681
GDYN UR Equity,211.28
GEG UW Equity,60.853
GENC UQ Equity,85.278
GEOS UW Equity,94.864
GERN UW Equity,1.393
GEVO UR Equity,0.711
GGAL UR Equity,504238.296
GH UW Equity,373.653
GIFI UW Equity,93.452
GIII UW Equity,2766.538
GILD UW Equity,27305.0
GLBZ UR Equity,14.144
GLDD UW Equity,726.149
GLNG UW Equity,451.765
GLPG UW Equity,530.26
GLPI UW Equity,1216.351
GLRE UW Equity,588.551
GLYC UQ Equity,1.159767
GMAB UW Equity,8482.0
GMBL UR Equity,16.783914
GNCA UR Equity,1.641
GNLN UQ Equity,166.06
GNSS UR Equity,47.003
GNTX UW Equity,1731.169929
GNTY UW Equity,127.126
GNUS UR Equity,7.873
GO UW Equity,3079.582
GOCO UW Equity,1062.415
GOGL UW Equity,1203.181
GOGO UW Equity,335.716
GOOD UW Equity,137.688
GOOG UW Equity,257637.0
GOOGL UW Equity,257637.0
GOSS UW Equity,4235.46331955651
GPRE UW Equity,2827.168
GPRO UW Equity,1161.084
GRFS UW Equity,4933.118
GROW UR Equity,21.654
GRPN UW Equity,967.108
GRTS UW Equity,48.214
GRTX UQ Equity,4235.46331955651
GRUB UW Equity,4495.0
GSBC UW Equity,236.99
GSHD UW Equity,151.312
GSIT UW Equity,27.729
GSKY UW Equity,518.074
GSM UR Equity,1778.908
GT UW Equity,17478.0
GTEC UR Equity,98.8399
GTHX UW Equity,31.476
GTIM UR Equity,123.953
GTX UW Equity,3633.0
GURE UW Equity,55.030586
GVP UR Equity,55.183
GWGH UR Equity,124.371
GWRS UQ Equity,41.914
HA UW Equity,1596.584
HAFC UW Equity,257.171
HAIN UW Equity,1970.302
HALL UQ Equity,404.703
HALO UW Equity,443.31
HARP UW Equity,23.654
HAS UW Equity,6420.4
HAYN UW Equity,337.661
HBAN UW Equity,6080.0
HBCP UW Equity,123.173
HBIO UQ Equity,118.904
HBMD UR Equity,98.722
HBNC UW Equity,257.947
HBP UR Equity,937.8
HBT UW Equity,165.551
HCAT UW Equity,241.926
HCCI UW Equity,515.334
HCKT UW Equity,278.809
HCM UW Equity,356.128
HCSG UW Equity,1641.959
HCTI UR Equity,35.269737
HDSN UR Equity,192.748
HEAR UQ Equity,366.354
HEES UW Equity,1062.797
HELE UW Equity,2098.799
HEXO UR Equity,123.769
HFBL UR Equity,25.697
HFFG UR Equity,566.831075
HFWA UW Equity,247.446
HGEN UR Equity,3.595
HGSH UR Equity,58.491165
HHS UQ Equity,194.596
HIBB UW Equity,1691.184
HIFS UQ Equity,125.799
HIVE UR Equity,88.16128579
HLIT UW Equity,507.149
HLNE UW Equity,343.311
HMHC UW Equity,1050.802
HMST UW Equity,364.27
HMTV UQ Equity,195.65
HNNA UQ Equity,32.76
HNRG UR Equity,247.666
HOFT UW Equity,593.612
HOLI UW Equity,593.466
HOLX UW Equity,5632.3
HON UW Equity,34392.0
HONE UW Equity,244.581
HOOK UW Equity,18.448
HOPE UW Equity,610.126
HQY UW Equity,756.556
HROW UQ Equity,72.476
HRTX UR Equity,86.346
HRZN UW Equity,60.015
HSIC UW Equity,12401.021
HSII UW Equity,1008.474
HSKA UR Equity,253.739
HSON UW Equity,169.207
HST UW Equity,2890.0
HSTM UW Equity,256.712
HSTO UR Equity,1.032
HTBI UW Equity,158.554
HTBK UW Equity,162.944
HTBX UR Equity,2.112806
HTHT UW Equity,12787.0
HTLD UW Equity,607.284
HTLF UW Equity,717.695
HTZ UW Equity,7336.0
HUBG UW Equity,4232.383
HURC UW Equity,235.195
HURN UW Equity,926.958
HWBK UW Equity,80.985
HWC UW Equity,1346.592
HWKN UW Equity,596.871
HZNP UW Equity,3226.41
IAC UW Equity,3699.627
IART UW Equity,1542.448
IBCP UW Equity,214.723
IBKR UW Equity,2938.0
IBOC UW Equity,620.429
IBRX UW Equity,0.934
IBTX UW Equity,650.079
ICAD UR Equity,33.638
ICCM UR Equity,13.134
ICFI UW Equity,1553.048
ICHR UW Equity,1096.917
ICLR UW Equity,5480.826
ICPT UW Equity,363.468
ICUI UW Equity,1316.308
IDBA UR Equity,2.84
IDCC UW Equity,425.409
IDEX UR Equity,26.759
IDN UQ Equity,16.393
IDRA UR Equity,4235.46331955651
IDXX UW Equity,3215.36
IEP UW Equity,11134.0
IESC UQ Equity,1536.493
IGAP UR Equity,4235.46331955651
IHRT UW Equity,3558.34
III UQ Equity,277.832
IIIV UW Equity,216.984
IIN UQ Equity,125.206
IIVI UW Equity,3105.891
ILMN UW Equity,4526.0
ILPT UW Equity,219.874
IMBI UQ Equity,551.134
IMGN UW Equity,69.856
IMKTA UW Equity,4987.919603
IMMP UQ Equity,4235.46331955651
IMMR UW Equity,35.089
IMOS UW Equity,27400.035
IMUX UW Equity,4235.46331955651
IMV UR Equity,0.235693768
IMXI UR Equity,459.206
INBK UW Equity,166.727
INCY UW Equity,2986.267
INDB UW Equity,521.126
INDP UR Equity,4235.46331955651
INDT UQ Equity,42.339
INFI UW Equity,1.858
INFN UW Equity,1425.205
INGN UW Equity,358.003
INO UW Equity,1.774758
INOD UQ Equity,69.755
INSE UR Equity,208.9
INSG UW Equity,262.399
INSM UW Equity,188.461
INTA UW Equity,214.633
INTC UW Equity,79024.0
INTG UR Equity,28.658
INTU UW Equity,9633.0
INVA UW Equity,391.866
INVE UR Equity,103.769
IONS UW Equity,810.456
IOSP UW Equity,1483.4
IOVA UQ Equity,4235.46331955651
IPAR UW Equity,879.516
IPGP UW Equity,1460.86
IQ UW Equity,30554.359
IRBT UW Equity,1564.987
IRDM UW Equity,614.5
IRIX UQ Equity,53.903
IRMD UR Equity,41.814581
IROQ UR Equity,30.615
IRTC UW Equity,322.825
IRWD UW Equity,413.753
ISBC UW Equity,983.101
ISEE UW Equity,4235.46331955651
ISRG UW Equity,5710.1
ISSC UW Equity,23.044796
ISTR UQ Equity,107.584
ITCI UW Equity,83.803017
ITI UR Equity,117.138
ITIC UW Equity,329.498
ITOS UQ Equity,344.775
ITRI UW Equity,1981.572
IVAC UW Equity,38.524
IZEA UR Equity,30.022377
JACK UW Equity,1143.67
JAKK UW Equity,621.116
JAMF UW Equity,366.388
JAN UR Equity,40.022
JAZZ UW Equity,3094.238
JBHT UW Equity,12168.302
JBLU UW Equity,6037.0
JBSS UW Equity,858.482
JCS UQ Equity,7.01006
JD UW Equity,951592.154
JJSF UW Equity,1144.579
JKHY UW Equity,1758.225
JNCE UW Equity,26.907
JOBS UW Equity,4420.428
JOUT UW Equity,751.651
JRVR UW Equity,772.88
JVA UR Equity,63.922402
JYNT UR Equity,80.859653
KALA UW Equity,11.24
KALU UW Equity,2622.0
KALV UQ Equity,4235.46331955651
KBAL UW Equity,569.008
KDNY UW Equity,51.625
KDP UW Equity,12683.0
KE UW Equity,1291.807
KELYA UW Equity,4909.7
KELYB UW Equity,4909.7
KEQU UQ Equity,147.469
KFFB UQ Equity,12.747
KFRC UW Equity,1579.922
KHC UW Equity,26042.0
KIDS UQ Equity,98.049
KINS UR Equity,161.231241
KIRK UW Equity,558.18
KLAC UW Equity,6918.734
KLDO UW Equity,1.104
KLIC UW Equity,1517.664
KNDI UW Equity,91.486384
KNSA UW Equity,38.544
KOD UQ Equity,4235.46331955651
KOPN UR Equity,45.666117
KOR UR Equity,4235.46331955651
KOSS UR Equity,19.546008
KPTI UW Equity,209.819
KRNY UW Equity,259.111
KRON UW Equity,4235.46331955651
KRTX UQ Equity,36.964
KRYS UQ Equity,4235.46331955651
KSPN UR Equity,158.345
KTCC UQ Equity,518.698
KTOS UW Equity,811.5
KURA UW Equity,4235.46331955651
KVHI UW Equity,171.767
KZR UW Equity,4235.46331955651
LAKE UQ Equity,118.386
LAMR UW Equity,1787.401
LANC UW Equity,1467.067
LAND UQ Equity,75.318
LARK UQ Equity,62.087
LASR UW Equity,270.146
LAUR UW Equity,1086.701
LAWS UW Equity,417.733
LBAI UW Equity,279.679
LBC UW Equity,229.805
LBRDA UW Equity,988.0
LBRDK UW Equity,988.0
LBTYA UW Equity,10311.3
LBTYB UW Equity,10311.3
LBTYK UW Equity,10311.3
LCNB UR Equity,77.409
LCUT UW Equity,862.924
LE UR Equity,1636.624
LECO UW Equity,3234.18
LEE UW Equity,794.649
LEGH UW Equity,176.724
LESL UW Equity,1342.917
LEVL UW Equity,109.022
LFUS UW Equity,2079.928
LFVN UR Equity,220.181
LGIH UW Equity,3050.149
LGND UQ Equity,277.133
LGO UW Equity,198.28
LHCG UW Equity,2219.622
LILA UW Equity,4799.0
LILAK UW Equity,4799.0
LINC UW Equity,335.336
LIND UR Equity,147.107
LITE UW Equity,1742.8
LIVE UR Equity,272.981
LIVN UW Equity,1035.365
LIXT UR Equity,4235.46331955651
LJPC UR Equity,75.72
LKFN UW Equity,237.939
LKQ UW Equity,13088.504
LLL UR Equity,10.876148
LLNW UW Equity,217.63
LMAT UQ Equity,154.424
LMNL UQ Equity,0.643
LMNR UW Equity,166.027
LMST UR Equity,58.354
LNDC UW Equity,544.161
LNT UW Equity,3669.0
LNTH UQ Equity,425.208
LOB UW Equity,521.413
LOCO UW Equity,454.363
LOGC UQ Equity,5.41
LOGI UW Equity,5252.279
LOPE UW Equity,896.564
LOVE UQ Equity,498.239
LPCN UR Equity,16.140838
LPLA UW Equity,7720.83
LPSN UW Equity,469.624
LQDA UR Equity,12.853345
LQDT UW Equity,257.531
LRCX UW Equity,14626.15
LRMR UQ Equity,4235.46331955651
LSBK UQ Equity,27.847
LSCC UW Equity,515.327
LSTR UW Equity,6540.425
LSXMA UW Equity,8696.0
LSXMB UW Equity,8696.0
LSXMK UW Equity,8696.0
LTBR UR Equity,4235.46331955651
LTRPA UW Equity,902.0
LTRPB UW Equity,902.0
LTRX UR Equity,71.477
LULU UW Equity,6256.617
LUMO UQ Equity,0.23
LVO UR Equity,65.23
LWAY UQ Equity,102.026
LWLG UR Equity,4235.46331955651
LXRX UW Equity,0.298
LYFT UW Equity,3208.323
LYTS UW Equity,315.612
LZ UW Equity,575.08
MACK UQ Equity,4235.46331955651
MANH UW Equity,663.643
MANT UW Equity,2553.956
MAR UW Equity,13857.0
MASI UW Equity,1239.153
MAT UW Equity,5457.741
MATW UW Equity,1671.03
MAXN UW Equity,783.279
MAYS UR Equity,20.212879
MBCN UR Equity,59.541
MBII UR Equity,44.31
MBIN UR Equity,469.219
MBIO UQ Equity,4235.46331955651
MBUU UQ Equity,926.515
MBWM UW Equity,199.714
MCBC UW Equity,82.329
MCBS UW Equity,142.544
MCFE UW Equity,1920.0
MCFT UQ Equity,525.808
MCHP UW Equity,5438.4
MCHX UW Equity,53.476
MCRB UW Equity,144.927
MCRI UW Equity,395.377
MDB UQ Equity,873.782
MDGL UW Equity,4235.46331955651
MDLZ UW Equity,28720.0
MDRX UW Equity,1503.037
MDXG UR Equity,258.615
MEDP UW Equity,1142.377
MEIP UR Equity,25.535
MELI UW Equity,7069.409
MEOH UW Equity,4414.559
MERC UW Equity,1803.255
MESA UW Equity,503.591
MESO UW Equity,7.434
METC UW Equity,283.394
MFIN UW Equity,190.532
MGEE UW Equity,606.79
MGI UW Equity,1283.6
MGNI UW Equity,468.413
MGNX UW Equity,77.447
MGPI UW Equity,626.72
MGRC UW Equity,616.833
MGTA UQ Equity,4235.46331955651
MGTX UW Equity,37.701
MHLD UR Equity,98.721
MIDD UW Equity,3250.792
MIND UW Equity,21.215
MIRM UQ Equity,19.138
MITK UR Equity,119.797
MKSI UW Equity,2949.6
MKTX UW Equity,698.951
MLAB UW Equity,133.937
MLCO UW Equity,2012.356
MLKN UW Equity,2465.1
MLVF UQ Equity,42.179
MMSI UW Equity,1074.751
MNDT UW Equity,483.455
MNKD UQ Equity,75.442
MNOV UQ Equity,4.0375
MNRO UW Equity,1125.721
MNST UW Equity,5541.352
MNTV UW Equity,443.786
MNTX UR Equity,211.539
MODV UW Equity,2002.333
MOFG UW Equity,219.219
MOMO UW Equity,14575.719
MOR UW Equity,179.611844
MORF UQ Equity,19.794
MORN UW Equity,1699.3
MPAA UW Equity,540.782
MPB UQ Equity,144.855
MPWR UW Equity,1207.798
MRCY UW Equity,923.996
MRKR UQ Equity,1.24171
MRLN UW Equity,127.699
MRNA UW Equity,18471.0
MRNS UQ Equity,15.345
MRSN UW Equity,0.043
MRTN UW Equity,973.644
MRTX UW Equity,72.092
MRVL UW Equity,4462.383
MSBI UW Equity,307.716
MSEX UW Equity,143.141
MSFT UW Equity,168088.0
MSTR UW Equity,510.762
MTBC UQ Equity,139.599
MTCH UW Equity,2983.277
MTEM UW Equity,38.697
MTRX UW Equity,673.398
MTSI UW Equity,606.92
MU UW Equity,27705.0
MVBF UR Equity,146.025
MVIS UQ Equity,2.5
MXL UW Equity,892.398
MYGN UW Equity,690.6
MYRG UW Equity,2498.289
NAII UQ Equity,178.52
NATH UW Equity,75.839
NATI UW Equity,1469.681
NATR UR Equity,444.084
NAVI UW Equity,3527.0
NBEV UR Equity,279.471
NBIX UW Equity,1133.5
NBN UQ Equity,150.158
NBSE UR Equity,4235.46331955651
NBTB UW Equity,497.67
NCBS UR Equity,234.742
NCMI UW Equity,114.6
NCSM UR Equity,118.502
NDAQ UW Equity,3420.0
NDLS UW Equity,475.152
NDSN UW Equity,2362.209
NECB UR Equity,50.758
NEGG UR Equity,0.358536
NEO UR Equity,484.329
NEOG UW Equity,468.459
NEON UR Equity,5.836
NEPH UR Equity,10.404
NEPT UR Equity,46.809842
NERV UQ Equity,4235.46331955651
NESR UR Equity,834.146
NEWT UQ Equity,4235.46331955651
NEXT UR Equity,4235.46331955651
NFBK UW Equity,186.751
NFLX UW Equity,29697.844
NGM UW Equity,77.882
NH UW Equity,62.649
NHTC UR Equity,60.005
NICE UW Equity,1921.15
NICK UW Equity,56.02
NKLA UW Equity,4235.46331955651
NKSH UR Equity,53.413
NKTR UW Equity,101.907
NLOK UW Equity,2551.0
NMFC UW Equity,270.959
NMIH UQ Equity,485.638
NMRK UW Equity,2906.443
NNBR UW Equity,477.584
NODK UR Equity,323.974
NOVT UW Equity,706.793
NRC UW Equity,147.954
NRIM UW Equity,136.869
NSIT UW Equity,9436.113
NSSC UW Equity,114.035
NSTG UQ Equity,145.085
NTAP UW Equity,5744.0
NTCT UW Equity,831.282
NTES UW Equity,87606.026
NTGR UW Equity,1168.073
NTIC UQ Equity,56.493819
NTLA UQ Equity,33.053
NTNX UW Equity,1394.364
NTRA UW Equity,625.486
NTRS UW Equity,6488.3
NTUS UW Equity,473.438
NTWK UR Equity,54.920615
NUAN UW Equity,1362.379
NUVA UW Equity,1138.988
NVAX UW Equity,1146.29
NVCN UR Equity,2.547406
NVCR UW Equity,535.031
NVDA UW Equity,26914.0
NVEC UR Equity,21.366246
NVEE UR Equity,706.706
NVFY UR Equity,12.813223
NVIV UR Equity,4235.46331955651
NWBI UW Equity,561.397
NWE UW Equity,1372.316
NWFL UQ Equity,79.395
NWL UW Equity,10589.0
NWLI UW Equity,824.091
NWPX UW Equity,333.313
NWS UW Equity,9358.0
NWSA UW Equity,9358.0
NXGN UW Equity,556.821
NXPI UW Equity,11063.0
NXST UW Equity,4648.371
NXTD UR Equity,10.022115
NYMT UW Equity,378.607
NYMX UR Equity,4235.46331955651
OAS UW Equity,1579.926
OB UW Equity,1015.63
OBCI UR Equity,64.298595
OBLG UR Equity,7.739
OBNK UW Equity,303.849
OCC UQ Equity,59.136294
OCFC UW Equity,394.023
OCUL UQ Equity,43.522
OCUP UR Equity,0.589
OCX UQ Equity,7.727
ODFL UW Equity,5256.328
ODP UW Equity,8465.0
ODT UW Equity,4235.46331955651
OEG UR Equity,82.948
OESX UR Equity,116.84
OFED UR Equity,18.671
OFIX UW Equity,464.479
OFLX UQ Equity,130.011
OGI UW Equity,79.163
OKTA UW Equity,1300.201
OLED UW Equity,553.525
OLLI UQ Equity,1752.995
OLMA UW Equity,4235.46331955651
OMAB UW Equity,8720.01
OMCL UW Equity,1132.018
OMER UQ Equity,4235.46331955651
OMEX UR Equity,0.921238
ON UW Equity,6739.8
ONB UW Equity,852.868
ONCT UR Equity,4.315
ONTX UR Equity,0.226
ONVO UR Equity,4235.46331955651
OPBK UQ Equity,80.175
OPCH UW Equity,3438.64
OPEN UW Equity,8021.0
OPI UW Equity,576.482
OPK UW Equity,1774.718
OPOF UR Equity,57.137
OPRX UR Equity,61.292598
OPTN UW Equity,74.652
ORGO UR Equity,468.059
ORLY UW Equity,13327.563
ORMP UR Equity,2.703
ORRF UR Equity,122.847
OSBC UW Equity,144.445
OSIS UW Equity,1146.902
OSMT UW Equity,17.501
OSPN UR Equity,214.481
OSTK UQ Equity,2756.446
OSUR UW Equity,233.674
OSW UR Equity,144.031
OTEX UW Equity,3386.115
OTIC UW Equity,0.125
OTRK UQ Equity,84.133
OTTR UW Equity,1196.844
OVBC UQ Equity,54.576
OVLY UR Equity,55.232
OZK UW Equity,1186.845
PAA UW Equity,42078.0
PAAS UW Equity,1632.75
PACB UW Equity,130.513
PACW UW Equity,1352.656
PAGP UW Equity,42078.0
PAHC UQ Equity,833.35
PALI UR Equity,4235.46331955651
PALT UR Equity,13.273849
PANL UR Equity,718.104388
PANW UW Equity,4256.1
PATK UW Equity,4078.092
PAYS UR Equity,29.464849
PAYX UW Equity,4056.8
PBCT UW Equity,1994.9
PBFS UR Equity,59.677
PBIP UQ Equity,41.676
PBPB UW Equity,380.052
PBYI UW Equity,253.155
PCAR UW Equity,23522.3
PCB UW Equity,99.906
PCH UW Equity,1337.435
PCOM UR Equity,370.008
PCRX UW Equity,541.533
PCSB UR Equity,59.761
PCTI UW Equity,87.807
PCTY UW Equity,635.627
PCYG UR Equity,21.007076
PCYO UR Equity,17.125
PDCE UW Equity,2147.178
PDCO UW Equity,5912.066
PDD UW Equity,93949.939
PDFS UW Equity,111.06
PDLB UQ Equity,101.735
PDSB UR Equity,4235.46331955651
PEBK UQ Equity,72.098
PEBO UW Equity,253.674
PEGA UW Equity,1211.653
PENN UW Equity,5905.0
PEP UW Equity,79474.0
PESI UR Equity,72.191
PETQ UW Equity,932.528
PETS UW Equity,309.215
PFBC UW Equity,218.778
PFC UW Equity,323.544
PFG UW Equity,14262.7
PFIE UR Equity,26.356176
PFIS UW Equity,119.693
PFMT UW Equity,124.393
PFSW UR Equity,342.505
PFX UQ Equity,32.306857
PGC UW Equity,232.31
PGEN UW Equity,103.873
PGNY UW Equity,500.621
PHAR UQ Equity,168.23796
PHAS UQ Equity,10.831
PHAT UW Equity,4235.46331955651
PI UW Equity,190.283
PINC UW Equity,1721.152
PIRS UR Equity,31.418
PKBK UR Equity,90.871
PKOH UW Equity,1438.0
PLAB UW Equity,663.761
PLAY UW Equity,1304.056
PLCE UW Equity,1915.364
PLL UR Equity,4235.46331955651
PLMR UW Equity,247.791
PLPC UW Equity,517.417
PLSE UR Equity,1.418
PLUG UR Equity,502.342
PLUS UW Equity,1568.323
PLXS UW Equity,3368.865
PLYA UW Equity,534.639
PMD UR Equity,24.909
PMTS UQ Equity,375.119
PNBK UQ Equity,36.774
PNFP UW Equity,1426.948
PNRG UR Equity,58.611
PNTG UW Equity,439.694
PODD UW Equity,1098.8
POOL UW Equity,5295.584
POWI UW Equity,703.277
POWL UW Equity,470.559
PPBI UW Equity,804.589
PPC UW Equity,14777.458
PPIH UQ Equity,84.694
PPSI UR Equity,18.311
PPTA UR Equity,4235.46331955651
PRAA UW Equity,1094.923
PRAX UW Equity,4235.46331955651
PRDO UW Equity,693.034
PRFT UW Equity,761.027
PRGS UW Equity,531.313
PRIM UW Equity,3497.632
PRLD UW Equity,4235.463319556508
PROV UW Equity,39.774
PRPL UW Equity,726.227
PRPO UR Equity,8.849
PRSO UR Equity,5.679
PRTA UW Equity,200.577
PRTH UR Equity,514.901
PRTK UQ Equity,130.162
PRTS UW Equity,582.44
PSMT UW Equity,3619.871
PSNL UQ Equity,85.494
PSTV UR Equity,4235.46331955651
PTC UW Equity,1807.159
PTCT UW Equity,538.593
PTE UR Equity,9.404
PTEN UW Equity,1357.081
PTGX UQ Equity,27.357
PTNR UW Equity,3363.0
PTON UW Equity,4021.8
PTSI UQ Equity,707.12
PVBC UR Equity,69.969
PWFL UQ Equity,126.208
PWOD UW Equity,70.083
PXLW UQ Equity,55.102
PYPL UW Equity,25371.0
PZZA UW Equity,2068.421
QCOM UW Equity,4235.463319556508
QCRH UQ Equity,300.577
QDEL UW Equity,1698.551
QIWI UW Equity,40622.0
QLYS UW Equity,411.172
QMCO UQ Equity,349.576
QNST UW Equity,578.487
QRTEA UW Equity,14044.0
QRTEB UW Equity,14044.0
QRVO UW Equity,4015.307
QTNT UQ Equity,43.379
QTRX UQ Equity,110.556
QUIK UR Equity,12.685
QUMU UR Equity,24.022
QURE UW Equity,524.002
RAIL UW Equity,203.05
RAPT UQ Equity,3.813
RARE UW Equity,351.406
RBB UW Equity,165.808
RBBN UW Equity,844.957
RBCAA UW Equity,313.119
RBCN UR Equity,4.061
RCEL UR Equity,29.232
RCII UW Equity,4583.451
RCKT UQ Equity,4235.46331955651
RCKY UW Equity,514.227
RCM UW Equity,1474.6
RCMT UQ Equity,203.875
RCON UR Equity,14.910049
RDFN UW Equity,1922.765
RDI UR Equity,139.06
RDIB UR Equity,139.06
RDNT UQ Equity,1315.077
RDUS UQ Equity,229.973
RDVT UR Equity,44.022
REAL UW Equity,467.692
REED UR Equity,49.599
REFR UR Equity,1.263034
REG UW Equity,1166.161
REGI UW Equity,3244.05
REGN UW Equity,16071.7
RELL UW Equity,176.937
RENT UW Equity,203.3
REPH UR Equity,75.36
REPL UW Equity,4235.46331955651
RETA UQ Equity,11.49
REYN UW Equity,3556.0
RFIL UQ Equity,57.424
RGC UR Equity,4235.46331955651
RGCO UQ Equity,75.174779
RGEN UW Equity,670.534
RGLD UW Equity,653.568
RGLS UR Equity,4235.46331955651
RGNX UW Equity,470.347
RGP UW Equity,629.516
RICK UQ Equity,195.258
RIGL UW Equity,149.236
RILY UQ Equity,1740.561
RMBI UR Equity,51.341596
RMBS UW Equity,328.304
RMCF UQ Equity,23.480705
RMNI UQ Equity,374.43
RMR UR Equity,607.238
RMTI UR Equity,61.931
RNST UW Equity,695.669
RNWK UW Equity,58.183
ROAD UW Equity,910.739
ROCC UW Equity,579.491
ROCK UW Equity,1339.783
ROIC UW Equity,284.1
ROKU UW Equity,2764.584
ROLL UW Equity,608.984
ROST UW Equity,18916.244
RPD UQ Equity,535.404
RPRX UW Equity,2289.463
RRBI UW Equity,101.832
RRGB UW Equity,1162.078
RRR UW Equity,1617.899
RSLS UR Equity,13.6
RSSS UR Equity,31.756345
RUBY UW Equity,4235.46331955651
RUN UW Equity,1609.954
RUSHA UW Equity,5126.142
RUSHB UW Equity,5126.142
RUTH UW Equity,429.123
RVNC UQ Equity,77.798
RVSB UW Equity,59.434
RXDX UW Equity,3.129
RYAAY UW Equity,1635.8
RYTM UQ Equity,3.154
SABR UW Equity,1688.875
SAFM UW Equity,4799.653
SAFT UW Equity,884.911
SAGE UQ Equity,6.308
SAIA UW Equity,2288.704
SAL UR Equity,55.572
SALM UQ Equity,258.247
SAMG UQ Equity,131.603
SANG UW Equity,130.6130734
SANM UW Equity,6756.643
SANW UR Equity,84.049036
SASR UW Equity,552.339
SATS UW Equity,1985.72
SAVA UR Equity,4235.46331955651
SBAC UW Equity,2308.834
SBCF UW Equity,354.971
SBFG UR Equity,72.601
SBGI UW Equity,6134.0
SBNY UW Equity,2311.273
SBRA UW Equity,569.545
SBSI UW Equity,265.323
SBT UR Equity,122.347
SBTX UQ Equity,4235.46331955651
SBUX UW Equity,29060.6
SCHL UW Equity,1300.3
SCHN UW Equity,2758.551
SCOR UW Equity,367.013
SCSC UW Equity,3150.806
SCVL UW Equity,1330.394
SCWX UW Equity,535.214
SDGR UW Equity,137.931
SEAC UW Equity,27.31
SEDG UW Equity,1963.865
SEED UR Equity,46.425
SEEL UR Equity,4235.46331955651
SEIC UW Equity,1918.309
SELB UQ Equity,85.077
SENEA UW Equity,1467.644
SENEB UW Equity,1467.644
SFBC UR Equity,41.203
SFIX UW Equity,2101.258
SFM UW Equity,6099.869
SFNC UW Equity,862.876
SFST UQ Equity,110.268
SGA UQ Equity,108.343
SGBX UR Equity,38.341702
SGC UQ Equity,536.986
SGEN UW Equity,1574.371
SGH UW Equity,1501.142
SGLY UR Equity,5.151032
SGMA UR Equity,277.718672
SGMO UW Equity,110.701
SGMS UW Equity,2153.0
SGRP UR Equity,255.719
SGRY UW Equity,2225.1
SHBI UW Equity,83.667
SHC UW Equity,931.478
SHEN UW Equity,245.239
SHOO UW Equity,1866.142
SHYF UW Equity,991.792
SIBN UQ Equity,90.152
SIEB UR Equity,67.507
SIEN UW Equity,80.683
SIGA UQ Equity,133.670454
SIGI UW Equity,3379.164
SILC UW Equity,128.46
SILK UW Equity,101.475
SIMO UW Equity,922.1
SIOX UW Equity,4235.46331955651
SIRI UW Equity,8696.0
SIVB UW Equity,6027.0
SKYW UW Equity,2713.491
SLAB UW Equity,720.86
SLDB UW Equity,13.62
SLGN UW Equity,5677.105
SLM UW Equity,2409.293
SLNG UR Equity,77.165
SLNH UR Equity,14.345
SLP UW Equity,46.466
SLRX UR Equity,1.840216
SLS UR Equity,7.6
SMBC UQ Equity,129.517
SMBK UR Equity,149.181
SMCI UW Equity,3557.422
SMED UR Equity,76.424
SMID UR Equity,50.642
SMLR UR Equity,53.027
SMMF UW Equity,142.623
SMPL UR Equity,1005.613
SMSI UR Equity,58.422
SMTC UW Equity,740.858
SNBR UW Equity,2184.949
SNCR UW Equity,280.615
SND UW Equity,126.648
SNDX UW Equity,139.709
SNEX UW Equity,1673.1
SNFCA UQ Equity,470.695542
SNGX UR Equity,0.824268
SNPS UW Equity,4204.193
SNY UW Equity,39175.0
SOHO UQ Equity,127.587924
SOHU UW Equity,835.576
SONM UR Equity,54.57
SONO UW Equity,1716.744
SP UW Equity,1177.2
SPFI UW Equity,232.505
SPLK UW Equity,2673.664
SPNE UW Equity,191.451
SPNS UW Equity,461.035
SPOK UW Equity,142.153
SPPI UW Equity,4235.46331955651
SPRO UW Equity,18.256
SPSC UW Equity,385.276
SPTN UW Equity,8931.039
SPWH UW Equity,1506.072
SPWR UW Equity,1323.493
SRAX UQ Equity,8.647
SRCE UW Equity,354.864
SRCL UW Equity,2646.9
SRDX UW Equity,105.136
SREV UW Equity,195.704
SRGA UW Equity,90.5
SRNE UR Equity,52.904
SRPT UW Equity,701.887
SRRK UW Equity,18.816
SSB UW Equity,1439.056
SSBI UQ Equity,46.874
SSKN UR Equity,29.977
SSNC UW Equity,5051.0
SSP UW Equity,2283.532
SSRM UW Equity,1474.199
SSTI UR Equity,58.155
SSYS UW Equity,607.219
STAA UQ Equity,230.472
STAB UR Equity,0.262942
STBA UW Equity,353.872
STCN UR Equity,613.766
STFC UW Equity,1482.4
STGW UW Equity,1469.363
STIM UQ Equity,55.312
STKL UW Equity,812.624
STLD UW Equity,18408.85
STNE UW Equity,4823.8
STOK UW Equity,4235.46331955651
STRA UW Equity,1131.686
STRL UW Equity,1581.766
STRM UR Equity,11.346
STRO UQ Equity,61.88
STRR UQ Equity,106.559
STRS UW Equity,28.236
STRT UQ Equity,485.295
STSA UQ Equity,4235.46331955651
STX UW Equity,10681.0
STXB UW Equity,139.595
SUMR UR Equity,143.665
SUPN UQ Equity,579.775
SVA UW Equity,510.624
SVC UW Equity,1495.58
SVRA UW Equity,4235.46331955651
SWAV UW Equity,237.146
SWBI UW Equity,1059.195
SWIR UW Equity,473.209
SWKH UR Equity,56.155
SWKS UW Equity,5109.1
SYBT UW Equity,242.926
SYBX UQ Equity,1.754
SYNA UW Equity,1339.6
SYNH UW Equity,5212.97
SYNL UQ Equity,334.715
SYPR UQ Equity,97.434
SYRS UW Equity,23.488
TA UW Equity,7336.844
TACO UR Equity,527.355
TACT UQ Equity,39.386
TAOP UR Equity,11.062775
TAST UW Equity,1652.37
TAYD UR Equity,22.509641
TBBK UW Equity,295.399
TBK UW Equity,442.056
TBNK UW Equity,66.773
TBPH UQ Equity,55.311
TCBI UW Equity,1014.815
TCBK UW Equity,340.711
TCDA UW Equity,4235.46331955651
TCFC UR Equity,78.422
TCMD UQ Equity,208.057
TCOM UW Equity,20023.0
TCRR UW Equity,4235.46331955651
TCX UR Equity,304.337
TEAM UW Equity,2089.132
TECH UW Equity,931.032
TENB UW Equity,541.13
TENX UR Equity,4235.46331955651
TER UW Equity,3702.881
TESS UW Equity,373.3407
TFSL UW Equity,444.65
TGA UR Equity,169.047
TGTX UR Equity,6.689
TH UR Equity,291.337
THFF UW Equity,194.282
THRM UW Equity,1046.15
THRY UR Equity,1113.382
THTX UR Equity,69.823
TIGO UW Equity,4617.0
TIGR UW Equity,264.488162
TILE UW Equity,1200.398
TIPT UR Equity,1200.514
TITN UW Equity,1711.906
TLRY UW Equity,513.085
TMDI UR Equity,25.19039825
TMDX UQ Equity,30.262
TMUS UW Equity,80118.0
TNDM UQ Equity,702.799
TOWN UW Equity,721.414
TPIC UQ Equity,1732.583
TPST UR Equity,4235.46331955651
TPTX UW Equity,30.829
TREE UW Equity,1098.499
TRHC UQ Equity,331.26
TRIP UW Equity,902.0
TRMB UW Equity,3659.1
TRMD UW Equity,619.5
TRMK UW Equity,664.421
TRNS UQ Equity,173.335
TROO UR Equity,4.293
TROW UW Equity,7671.9
TRS UW Equity,857.11
TRST UW Equity,185.919
TRUE UW Equity,231.698
TRUP UQ Equity,698.991
TRVG UW Equity,361.465
TRVN UR Equity,0.567
TSAT UW Equity,758.212
TSBK UQ Equity,72.123
TSC UW Equity,289.943
TSCO UW Equity,12731.105
TSEM UW Equity,1508.166
TSLA UW Equity,53823.0
TTD UQ Equity,1196.467
TTEC UW Equity,2273.062
TTEK UW Equity,2552.172
TTGT UQ Equity,263.427
TTMI UW Equity,2248.74
TTNP UR Equity,1.526
TTOO UQ Equity,28.058
TTSH UR Equity,370.7
TTWO UW Equity,3372.772
TUEM UR Equity,690.79
TUSK UW Equity,228.962
TVTX UQ Equity,227.49
TVTY UW Equity,481.252
TW UW Equity,1076.447
TWIN UW Equity,218.581
TWNK UR Equity,1142.036
TWOU UW Equity,945.682
TWST UW Equity,132.333
TXG UW Equity,490.49
TXMD UW Equity,86.951
TXN UW Equity,18344.0
TXRH UW Equity,3463.946
TYME UR Equity,4235.46331955651
TZOO UW Equity,62.712
UAL UW Equity,24634.0
UBCP UR Equity,30.414
UBFO UW Equity,41.115
UBOH UQ Equity,56.15
UBSI UW Equity,1073.209
UCBI UW Equity,736.612
UCTT UW Equity,2101.6
UEIC UW Equity,601.602
UFCS UW Equity,1066.191
UFPI UW Equity,8636.134
UFPT UR Equity,206.32
UG UQ Equity,13.929629
UHAL UW Equity,4541.985
UIHC UR Equity,634.527
ULBI UQ Equity,98.267
ULH UW Equity,1750.98
ULTA UW Equity,8630.889
UMBF UW Equity,1328.697
UMPQ UW Equity,1318.361
UNAM UQ Equity,32.560111
UNB UQ Equity,52.236
UNIT UW Equity,1100.522
UNTY UQ Equity,96.834
UONE UR Equity,441.462
UONEK UR Equity,441.462
UPLD UQ Equity,302.016
UPST UW Equity,848.589
UPWK UW Equity,502.797
URBN UW Equity,4548.763
URGN UQ Equity,48.042
USAK UW Equity,710.387
USAP UW Equity,155.934
USEG UR Equity,6.658
USLM UW Equity,189.255
USWS UR Equity,250.463
UTHR UW Equity,1685.5
UTMD UW Equity,49.054
UTSI UW Equity,15.921
UVSP UW Equity,292.955
VABK UR Equity,58.737
VALN UW Equity,348.086
VALU UR Equity,40.392
VBFC UR Equity,40.01
VBIV UR Equity,0.631
VBNK UW Equity,94.688
VBTX UQ Equity,374.889
VC UW Equity,2773.0
VCEL UR Equity,156.184
VCYT UQ Equity,219.514
VECO UW Equity,583.277
VEON UW Equity,7788.0
VERI UQ Equity,115.305
VERU UR Equity,61.259528
VFF UR Equity,268.02
VG UW Equity,1409.015
VIA UW Equity,393.485
VIACA UW Equity,28586.0
VIAV UW Equity,1198.9
VICR UW Equity,359.364
VIEW UQ Equity,4235.463319556508
VIR UW Equity,1095.415
VIRC UQ Equity,152.795
VIRT UW Equity,2811.485
VIRX UW Equity,4235.46331955651
VISL UR Equity,33.882
VIVO UW Equity,317.896
VKTX UR Equity,4235.46331955651
VLGEA UW Equity,2030.33
VLY UW Equity,1489.239
VNDA UQ Equity,268.682
VOD UW Equity,43809.0
VOXX UW Equity,563.605
VRA UW Equity,540.453
VRAY UQ Equity,70.119
VRCA UQ Equity,12.0
VRDN UR Equity,2.963
VREX UW Equity,818.1
VRM UW Equity,3184.255
VRNA UQ Equity,4235.46331955651
VRNS UW Equity,390.134
VRNT UW Equity,874.509
VRRM UR Equity,393.593
VRSK UW Equity,2998.6
VRSN UW Equity,1327.576
VRTS UW Equity,1070.678
VRTX UW Equity,7574.4
VSAT UW Equity,2256.107
VSEC UW Equity,750.853
VSTM UQ Equity,2.053
VTNR UR Equity,115.781375
VTRS UW Equity,17886.3
VTSI UR Equity,19.087631
VTVT UR Equity,4.005
VWE UQ Equity,4235.463319556508
VWTR UW Equity,29.22
VXRT UR Equity,0.892
VYGR UW Equity,37.415
VYNE UW Equity,14.755
WABC UW Equity,216.788
WAFD UW Equity,652.171
WASH UW Equity,245.389
WATT UR Equity,0.756793
WAVD UR Equity,15.033504
WB UW Equity,2257.083
WBA UW Equity,132509.0
WDAY UW Equity,5138.798
WDC UW Equity,16922.0
WDFC UW Equity,488.109
WEN UW Equity,1896.998
WERN UW Equity,2734.372
WETF UW Equity,306.327
WEYS UW Equity,267.641
WFRD UW Equity,3645.0
WINA UQ Equity,78.2162
WING UW Equity,282.502
WINT UR Equity,4235.46331955651
WIRE UW Equity,2592.721
WIX UW Equity,1269.657
WKHS UR Equity,4235.46331955651
WLDN UQ Equity,353.755
WLFC UQ Equity,274.202
WMG UW Equity,5301.0
WMPN UR Equity,28.157
WNEB UW Equity,92.413
WOOF UW Equity,5807.149
WPRT UW Equity,312.412
WRAP UR Equity,7.729
WRLD UW Equity,525.533267
WSBC UW Equity,617.752
WSBF UW Equity,273.078
WSC UR Equity,1894.897
WSFS UW Equity,641.849
WSTG UQ Equity,282.582
WTBA UW Equity,117.009
WTFC UW Equity,1861.604
WTRH UW Equity,182.194
WTW UW Equity,8998.0
WVE UQ Equity,40.964
WW UW Equity,1212.463
WWD UW Equity,2245.832
WYNN UW Equity,3763.664
XBIT UW Equity,18.394
XCUR UR Equity,4235.46331955651
XEL UW Equity,13431.0
XENT UQ Equity,106.748
XERS UW Equity,49.59
XFOR UR Equity,4235.46331955651
XGN UQ Equity,48.299
XLNX UW Equity,3147.599
XNCR UQ Equity,275.111
XOMA UQ Equity,38.16
XPEL UR Equity,259.263077
XPER UW Equity,877.696
XRAY UW Equity,4251.0
XRTX UR Equity,4235.463319556508
XRX UW Equity,7038.0
XSPA UR Equity,73.729
XXII UR Equity,30.948
YELL UW Equity,5121.8
YMAB UW Equity,34.897
YMTX UR Equity,8.044
YNDX UW Equity,356171.0
YORW UW Equity,55.119
YTEN UR Equity,0.614
YY UW Equity,2619.051
Z UW Equity,8147.376
ZBRA UW Equity,5627.0
ZD UW Equity,1416.722
ZEAL UW Equity,292.567
ZEUS UW Equity,2312.253
ZG UW Equity,8147.376
ZGNX UQ Equity,81.69
ZION UW Equity,2970.0
ZIOP UW Equity,0.398
ZM UW Equity,4099.864
ZNGA UW Equity,2800.5
ZNTL UQ Equity,4235.46331955651
ZS UW Equity,673.1
ZUMZ UW Equity,1183.867
ZVO UW Equity,263.033
ZYNE UQ Equity,4235.46331955651
ZYXI UW Equity,130.301
